lat,lon,emission
54.7,23.3,2072.87
56.6,31.9,26.2726
61.9,32.8,76.9475
63.6,16.5,110.893
51.5,12.0,74745.0
40.4,-2.9,324.841
48.6,28.6,1763.88
51.2,2.8,3279.83
43.2,-8.7,13674.0
40.0,-8.1,717.081
63.7,10.7,383.097
56.3,36.6,1803.33
53.1,18.9,7269.32
54.1,31.6,571.155
52.8,32.2,355.237
55.7,-4.0,14225.8
43.8,-5.7,0.951394
58.9,35.9,216.594
49.5,4.4,7183.4
47.5,0.2,19369.0
54.9,31.3,308.639
50.0,3.4,12375.2
43.3,-5.6,8382.65
56.3,15.4,1745.58
41.7,15.3,3406.52
53.2,14.1,3070.66
48.7,22.5,2520.15
51.3,20.8,3374.06
41.9,-8.5,3058.25
52.5,15.1,716.667
54.7,15.0,13.5238
40.4,-7.1,1441.65
50.1,24.1,1680.41
42.1,22.9,1082.96
56.9,-5.3,24.5284
45.1,24.3,30105.1
51.0,7.0,259800.0
48.8,17.6,2115.08
47.8,19.1,23798.9
66.0,32.8,12.0578
68.8,35.6,122.164
54.6,18.4,5764.86
45.4,5.1,7878.0
53.4,28.4,1630.61
49.1,28.9,2361.25
48.3,36.1,2187.3
61.4,29.7,11.7404
49.3,20.9,5404.65
51.1,20.4,9816.82
52.1,7.2,11788.3
56.5,39.2,603.435
53.0,22.2,6635.75
40.5,36.5,3649.95
40.1,19.1,1.56575
55.6,8.7,4342.17
60.8,5.9,45.0694
44.5,-0.1,13202.9
50.3,-5.2,6466.81
67.5,26.0,229.481
45.8,23.1,11782.4
56.6,13.1,274.868
46.5,9.2,299.574
58.1,13.9,13743.8
67.5,20.2,76.2275
40.4,-1.5,1006.52
51.1,37.2,1397.87
50.2,31.4,3061.5
43.6,27.4,5987.95
40.0,16.1,6179.84
41.6,24.4,512.728
47.5,-58.9,505.289
59.0,6.5,75.1983
46.2,4.3,11954.4
57.6,13.8,395.573
58.8,25.2,397.335
59.4,8.5,237.728
56.2,15.7,957.958
64.8,19.6,510.509
45.2,10.6,22613.4
53.8,19.6,4904.62
50.9,11.5,19241.4
45.8,4.1,9405.34
63.4,12.5,475.76
53.6,29.9,976.97
53.7,19.1,3406.03
60.4,11.2,2159.06
60.8,36.8,47.3531
63.0,10.4,555.626
59.9,13.9,562.295
61.8,24.3,3065.9
42.9,26.1,1387.96
52.3,-3.7,131.972
65.9,19.2,85.2028
66.6,16.0,221.252
50.9,22.1,13219.6
55.0,33.4,250.094
46.9,-1.6,10367.7
47.6,4.0,2116.18
58.9,39.0,78.6082
57.1,38.7,272.345
45.5,25.7,993.478
63.6,14.2,63.7579
48.3,30.1,1831.07
43.6,12.1,920.358
54.7,36.6,376.799
55.3,35.9,481.339
47.9,19.3,6268.36
57.8,34.4,20.81
63.3,13.3,771.47
63.4,22.7,135.66
48.0,21.2,10329.2
46.0,0.0,3628.69
52.2,13.1,3261.37
46.3,17.4,6210.4
45.9,25.7,2797.89
45.2,-69.0,2374.2
40.5,15.2,5764.42
55.5,29.9,791.181
48.0,31.0,1713.37
45.1,18.6,12204.2
52.4,7.5,7951.42
45.2,11.1,19619.5
40.4,28.9,459.66
49.8,8.9,16301.4
56.8,30.6,94.2457
51.9,18.5,6815.71
47.0,26.9,11276.9
59.3,9.4,422.588
51.8,22.7,2510.1
54.1,34.9,100.844
55.9,29.6,3.38072
60.4,17.5,807.157
50.1,37.3,2609.7
53.8,-8.9,474.556
50.5,16.3,7556.32
50.2,24.1,3193.68
53.4,34.3,767.763
50.4,10.7,4694.06
63.7,14.1,51.8639
44.2,4.9,6597.26
46.1,37.9,0.0745172
56.4,-3.6,3339.8
66.9,14.8,623.858
53.7,-3.1,7075.15
59.0,5.5,963.796
50.4,28.0,2659.66
41.3,25.9,907.146
53.9,30.1,1713.96
53.5,-64.2,277.981
69.9,31.5,0.000274314
43.4,25.0,5344.24
45.2,-61.4,410.862
51.0,3.3,8062.04
46.9,32.2,1641.94
41.0,-8.4,10855.9
53.4,36.7,1076.68
62.1,25.1,1057.44
48.6,13.6,10873.0
48.5,10.9,9224.2
51.1,6.1,12681.9
60.1,16.1,18587.7
64.5,31.6,0.475964
68.1,15.8,690.745
54.2,-6.7,3145.8
55.8,30.1,239.065
49.5,26.6,3626.24
54.9,21.3,43.2571
53.3,-3.4,5138.66
55.5,33.3,171.16
55.0,26.0,1264.76
62.7,21.8,375.645
56.7,-3.6,467.014
65.7,-16.8,9.33042
58.4,39.8,67.6152
43.8,11.6,1672.69
57.0,-3.8,49.3185
50.8,12.8,48739.8
47.5,-69.1,133.852
48.5,22.0,5059.42
61.6,25.1,439.166
44.7,-67.3,517.974
47.4,30.0,2180.86
51.9,14.3,1296.78
50.5,32.9,2017.78
55.8,26.4,41384.7
47.1,25.9,2909.66
49.1,-55.2,3.38363
47.1,-1.2,9996.93
63.2,17.9,1331.62
47.2,-68.8,1652.55
52.1,5.4,16175.5
53.3,-2.1,11168.5
53.9,24.2,166.84
57.3,38.2,208.556
58.7,31.0,17.452
41.7,-5.2,912.645
60.5,8.5,381.667
47.7,34.8,1827.71
42.4,24.5,3626.05
42.7,-0.9,610.231
41.3,-4.9,3078.03
40.0,24.9,0.406936
41.4,-8.9,4.01845
58.5,36.4,48.6314
41.5,35.4,2829.24
54.0,20.9,4555.32
43.7,6.0,2570.09
45.8,2.5,2052.16
54.6,26.7,516.368
64.9,12.0,159.509
62.5,22.9,1272.48
45.5,-64.1,25.343
50.3,-3.5,135.039
59.5,32.7,10.9211
44.4,9.3,2934.48
44.1,26.5,27246.0
57.3,25.2,96779.4
46.5,2.0,3620.15
57.5,-3.3,1579.23
50.5,39.8,851.577
55.2,21.0,315.059
68.0,13.2,270.947
42.1,-3.4,285.953
48.9,20.3,2326.63
46.7,6.7,6045.16
52.8,9.1,29969.3
60.7,8.2,43.1845
47.5,37.8,1960.22
44.5,-70.0,1727.61
58.2,15.4,2215.03
44.9,21.0,1273.58
46.4,3.2,2207.26
43.5,21.0,14953.4
46.3,33.6,2809.15
56.0,26.7,4359.72
58.5,-3.3,432.992
50.9,14.3,10461.5
47.5,-0.1,4684.07
47.6,-3.2,9199.62
54.9,-1.5,12649.3
53.3,19.7,2817.33
41.0,28.8,4871.38
56.7,-6.0,28.6581
46.0,35.0,81.5253
56.0,8.3,7679.01
43.8,19.8,39182.2
49.1,20.9,4480.42
53.2,-60.5,669.001
63.0,12.9,7.17915
46.2,6.1,146786.0
50.2,24.8,3723.67
51.5,30.1,300.082
53.0,16.1,4158.83
46.1,1.2,3573.35
40.4,35.6,5514.4
56.0,30.0,63.4266
64.0,26.2,247.76
48.0,7.1,13701.7
49.5,30.6,1901.72
42.8,0.7,2219.45
54.0,28.3,4933.33
51.2,-2.4,4932.79
48.9,-1.6,7493.44
48.0,12.4,5357.55
59.9,6.0,1084.96
55.7,-3.0,986.117
48.3,35.9,2184.07
48.5,31.0,1708.07
48.0,30.6,1495.88
52.2,24.9,1060.58
42.8,-7.1,1038.11
53.9,38.4,2159.71
49.2,10.2,10057.8
48.7,24.3,1358.76
41.8,14.8,2246.47
41.8,1.0,4180.89
41.1,2.0,37.2713
50.1,35.4,2337.38
44.8,-61.6,10.8402
45.8,-68.4,1333.69
59.6,7.8,264.458
55.3,-7.3,178.533
53.0,7.9,7220.86
57.6,30.8,149.082
49.2,32.9,1845.07
48.5,20.0,594.507
58.2,22.6,1048.82
61.4,29.0,287.317
50.1,21.7,5376.37
48.7,8.5,10819.2
45.4,14.9,3445.23
51.1,18.7,2459.23
49.0,7.8,3065.65
52.4,-6.9,794.778
51.2,1.4,212.412
65.9,17.9,575.819
54.5,29.7,1328.11
65.3,-15.6,5.50574
41.4,26.0,1334.22
47.2,15.8,15329.9
51.8,7.1,7883.04
53.4,-9.2,545.823
57.5,25.2,2947.1
58.5,29.9,263.059
66.3,28.2,7.12481
48.3,21.7,7616.27
51.2,36.5,1421.89
59.3,7.6,398.178
50.1,31.5,1962.15
48.6,31.1,1674.39
69.7,19.0,1394.3
66.3,18.1,675.878
45.0,22.0,27.3328
55.0,8.6,15935.6
62.6,16.9,936.217
49.9,3.7,3014.82
61.0,29.7,32.1256
41.2,27.2,4198.36
50.9,31.9,2736.52
53.5,14.9,4684.28
51.1,-4.2,3880.48
53.4,39.3,913.313
51.6,-5.3,10.6635
49.7,8.1,18523.0
53.4,19.7,7224.83
43.7,-69.5,54.5243
46.7,32.8,3917.8
43.0,24.6,887.764
53.0,-66.8,60.0804
59.8,32.4,18.5626
55.2,36.2,370.385
55.5,21.4,3684.21
43.0,6.3,971.579
65.0,-23.9,0.0112275
62.1,6.4,301.084
65.2,13.8,15.6072
42.7,25.0,831.191
51.7,13.5,1075.26
52.0,29.2,19479.7
45.5,34.8,3619.89
57.3,30.7,206.271
63.7,20.9,22.563
65.9,20.4,423.636
56.1,29.6,85.5626
54.5,38.2,1180.47
48.1,-0.1,6780.99
43.0,19.6,1118.48
40.4,38.1,5314.93
44.6,-69.0,2352.25
49.6,25.3,5007.56
54.0,38.5,1312.27
63.1,7.9,356.688
47.0,36.1,2052.28
60.7,28.1,123.098
68.1,13.5,2348.49
44.0,7.8,2255.27
60.5,7.2,49.8752
67.5,26.6,96.002
49.4,16.7,8418.43
58.2,13.0,3799.44
55.8,14.2,5934.3
54.6,21.0,1750.64
47.1,28.6,13817.5
69.1,36.0,7.15246
48.6,18.2,5380.91
59.7,38.3,17.6107
62.8,33.1,1.42789
52.2,-9.2,581.483
53.6,18.7,7036.81
52.0,-9.3,620.54
58.7,26.0,665.846
54.7,38.6,913.44
55.0,33.2,1105.99
49.0,28.7,2911.87
55.8,26.1,735.745
52.3,31.8,167.405
50.5,23.1,4017.34
49.8,23.6,3224.76
47.4,23.7,2719.41
48.7,37.6,4224.32
41.4,17.0,0.548566
46.4,8.4,184.621
53.0,24.0,2641.88
57.2,38.1,413.47
44.9,-68.4,372.906
54.0,-4.8,148.622
55.0,19.9,0.0787718
43.0,20.4,12154.6
48.5,20.4,1254.7
56.5,32.3,67.6973
43.9,18.3,9648.64
46.6,29.6,4675.3
49.9,40.0,1197.22
65.8,-21.3,21.8552
48.3,-66.3,10.0839
62.0,36.0,47.755
54.1,13.1,2995.72
55.0,15.1,8046.06
51.1,-2.5,4426.15
49.5,31.3,1576.35
54.7,14.4,14.282
45.4,39.3,2166.61
52.7,0.3,278504.0
53.5,36.2,1177.19
62.1,16.7,778.294
60.5,21.9,2363.08
55.7,37.0,1670.96
43.6,-9.2,0.658861
50.5,34.1,2541.58
46.0,8.7,9141.82
44.1,3.9,1419.61
40.4,29.5,1591.99
40.6,14.4,26612.4
40.3,-1.0,255.786
63.9,28.6,29.2924
52.6,-56.6,284.799
53.7,-9.1,1362.16
62.1,10.2,322.172
50.4,-1.3,0.721109
60.8,7.0,89.8928
52.0,11.9,4164.74
48.9,29.1,2534.29
51.6,9.0,7243.93
68.7,19.0,80.1643
45.8,15.9,29140.3
40.3,-6.4,1131.1
65.2,31.1,144.033
47.9,28.1,6823.93
41.5,24.8,2135.14
42.7,-6.4,377.412
57.1,28.9,39.6291
48.5,4.5,2731.22
40.8,37.2,2863.38
45.6,18.9,12292.5
50.1,15.6,13878.3
51.4,12.7,6573.08
65.9,19.0,621.802
51.3,7.0,43683.7
47.8,10.7,4429.92
46.2,16.3,41494.8
64.1,27.6,318.449
56.2,13.7,7092.18
41.4,-8.5,44386.9
54.4,10.9,39.6613
52.0,-4.1,1169.33
61.0,33.3,2.85578
60.8,9.0,279.535
51.6,32.7,879.723
56.8,32.3,92.6973
51.9,-0.1,6497.75
47.3,-65.0,1374.9
43.9,12.0,1050.83
46.2,-0.6,10811.7
42.5,12.2,9153.97
54.1,-8.8,71.2685
53.5,24.5,1781.3
47.3,21.8,4297.31
51.8,-10.1,80.047
55.5,31.7,174.976
52.1,39.5,1194.47
65.0,-20.7,1.98285
40.2,26.2,158.726
50.7,37.2,1820.82
46.0,-66.2,937.868
51.4,-0.1,34473.1
59.8,14.0,700.886
64.6,25.0,1368.99
63.6,15.9,502.104
44.9,10.3,11282.5
46.0,28.1,12792.5
47.7,30.0,2111.18
56.3,13.8,587.715
53.5,14.3,1394.08
48.2,11.8,17131.6
45.0,2.5,1088.61
60.6,24.1,299.381
43.8,-1.2,3304.19
40.4,35.3,2839.56
61.1,13.0,1622.67
48.5,20.6,2651.44
49.5,27.4,2159.62
49.4,32.9,2140.93
40.1,32.4,4304.86
42.3,8.7,107.065
40.2,29.4,5092.13
59.8,39.9,80.5281
51.6,-0.1,20264.6
69.0,35.7,3.85301
45.4,17.6,11019.0
58.2,33.8,103.118
63.7,19.8,1188.34
41.3,25.4,2147.61
48.4,24.0,77.4654
59.3,18.1,2540180.0
49.9,16.0,9423.6
54.8,-3.3,1688.89
41.8,24.3,1444.68
41.3,12.9,7408.21
62.2,12.9,579.945
44.3,9.9,9057.45
40.3,24.1,72.8168
63.3,16.8,11.2815
57.6,28.1,254.384
47.9,24.1,3559.88
46.4,22.5,4517.01
53.5,39.7,1012.22
43.0,1.1,3746.96
49.3,30.6,3019.87
47.9,9.0,5935.62
45.6,8.0,11932.8
47.7,31.4,2058.6
52.4,26.1,644.406
62.3,23.7,315.505
50.8,18.7,5099.01
56.0,31.1,8.82127
47.9,-1.3,11598.0
41.3,19.6,11040.4
55.7,-4.3,10911.3
51.2,18.5,16870.7
48.2,29.5,2728.18
43.6,24.0,5011.9
59.8,16.7,552.027
62.3,24.5,159.157
57.2,14.6,491.208
45.0,9.0,19398.8
58.9,27.1,100.569
43.7,15.7,3707.01
64.7,-14.6,2.67043
42.3,-3.4,576.799
52.2,22.5,4710.15
59.0,9.9,3778.2
45.9,-65.0,799.025
41.2,20.2,2391.98
58.1,29.6,19.3559
48.1,37.2,4201.84
52.2,-7.5,1275.76
52.3,-2.5,5085.44
40.1,21.9,2529.62
53.5,27.9,1975.86
45.1,-64.5,5366.08
47.0,0.7,3636.05
67.5,32.9,1.11058
51.8,24.3,736.283
53.5,8.7,4191.87
49.7,1.1,7864.06
42.2,15.4,0.292675
56.5,35.2,174.0
48.0,10.8,24992.3
42.6,22.5,180.855
45.7,12.0,32049.5
40.1,-3.6,5904.25
50.5,26.2,11732.2
48.6,-5.2,0.499052
42.4,1.7,229.105
47.5,28.8,8871.12
49.3,19.2,1751.62
46.0,15.7,10958.6
66.3,17.1,571.275
59.7,21.1,494.11
57.8,36.8,489.407
50.5,-1.3,5155.66
57.1,29.1,12.1114
41.2,34.6,887.206
48.9,5.2,3060.03
57.5,21.7,24.9825
49.7,22.5,2746.45
47.5,5.4,2771.83
43.1,0.4,5826.7
65.3,30.3,0.475964
44.1,15.3,11519.0
44.2,-63.1,6.66387
47.4,6.4,3238.93
69.8,19.3,498.62
46.3,23.5,889.637
40.5,-5.3,272.933
61.8,14.9,17.4351
43.1,11.5,3538.76
66.1,40.0,0.0011506
45.4,-65.5,29.7116
64.4,24.7,115.88
43.7,27.6,8234.21
46.8,35.1,2268.2
65.2,27.8,49.8966
56.4,33.3,72.0306
64.0,20.3,399.627
69.0,33.5,182.036
47.8,9.7,10052.6
44.1,-70.0,4385.2
55.2,25.4,9335.18
48.2,13.4,27429.7
64.6,15.4,7.85025
40.6,22.9,45619.1
58.7,14.9,803.825
40.8,17.8,0.589195
56.5,10.2,4155.36
47.2,17.7,2953.67
40.4,32.0,299.747
40.8,16.9,7067.92
65.8,20.1,724.049
45.8,19.3,1954.23
65.1,37.7,0.000478694
54.5,10.6,8.14058
40.4,37.1,4277.98
61.0,38.5,19.417
55.1,8.9,3090.26
52.0,26.7,1031.21
45.8,38.0,51.4796
47.6,13.0,17212.6
57.7,9.3,9.57115
55.1,37.5,2215.42
60.3,34.9,1.90386
45.4,-69.7,1259.24
48.5,16.2,3362.27
47.0,31.3,1770.27
41.4,13.6,13602.4
61.3,15.5,1354.2
58.3,30.2,115.551
61.0,35.4,443.531
58.6,6.5,625.884
41.0,39.3,2388.77
69.6,31.8,0.0563793
60.4,11.0,2023.43
44.5,-66.4,13.7048
66.2,34.1,0.795979
52.0,27.9,1328.14
49.4,31.8,335.062
51.9,17.7,7709.62
52.7,9.9,3836.28
58.5,23.9,1278.69
57.6,34.8,21.5697
60.8,14.0,271.937
48.4,29.8,3148.08
65.7,-21.4,46.8847
40.6,13.8,47.7707
44.8,-0.8,45279.0
51.8,-0.7,9432.98
56.9,16.0,326.258
49.7,27.0,3282.05
41.0,-1.4,931.231
58.4,7.9,849.795
48.5,22.8,909.446
57.0,-4.0,143.574
65.1,-22.6,0.0589928
41.8,2.0,2742.75
57.4,22.5,2238.9
64.6,19.6,13.8105
41.8,16.4,1.17556
52.4,5.2,3439.89
59.9,32.1,189.263
50.0,24.8,1165.5
55.4,38.0,597.875
54.9,40.0,6.34619
45.1,3.9,5487.75
61.9,7.7,34.0521
45.5,20.7,6393.35
60.9,36.5,367.899
68.5,19.2,53.9158
47.5,22.4,4024.87
50.3,29.1,1667.25
45.7,19.4,2416.04
54.5,-3.0,849.961
41.6,-3.8,8053.72
49.6,28.5,2536.33
44.7,21.2,10627.6
53.8,30.8,927.98
46.0,20.9,13297.4
43.4,-69.4,20.7034
53.6,20.3,1910.64
62.0,39.2,3.01444
46.4,11.5,4649.19
63.4,28.6,61.9728
64.2,15.8,123.171
43.6,22.5,1454.79
40.5,-7.7,2854.47
40.2,25.0,0.383095
63.8,-22.8,3.0454
59.3,30.4,108.202
60.2,13.4,1677.6
47.5,-52.7,4679.93
51.3,-2.9,9185.6
49.6,15.0,6594.04
42.6,-1.9,5732.22
61.9,22.3,452.797
65.1,12.2,99.3185
48.7,5.9,5327.17
53.1,38.3,954.585
54.9,29.3,1103.94
63.5,13.0,2059.21
46.4,-62.7,935.511
56.9,34.9,260.982
47.7,31.2,1705.09
50.6,16.4,3683.38
47.8,36.6,2530.23
61.8,28.8,28598.1
46.9,22.3,1713.55
60.5,33.0,25.0462
52.2,-0.4,4709.04
69.4,21.5,21.5992
52.2,-2.8,5026.45
51.4,15.3,1167.56
42.1,-8.1,2481.25
41.1,-7.6,4051.89
61.8,7.2,78.7454
52.1,-8.2,851.966
58.1,36.2,104.885
48.5,-3.1,5813.94
47.3,6.4,4387.2
43.6,21.4,8477.95
54.0,29.0,24.7948
52.5,16.7,10377.9
55.6,24.7,1886.16
51.5,23.1,819.892
42.9,20.8,18185.4
40.8,34.0,624.532
47.5,39.8,1199.94
41.9,-6.5,142.837
53.0,34.0,718.938
50.8,-4.5,2162.7
54.7,28.7,71.6992
64.2,-22.3,0.724982
54.7,37.1,419.847
47.3,4.9,12323.4
66.1,36.6,0.000735335
57.6,31.5,18.2444
60.2,8.4,87.2584
54.1,13.2,2206.84
46.7,38.6,1559.29
46.7,25.0,1804.46
66.2,-15.2,0.0136492
41.1,23.9,5084.33
50.9,19.0,7334.73
60.5,13.5,98.906
44.8,26.5,5495.25
52.3,-6.9,1137.37
46.4,-0.4,7049.54
49.0,23.0,1514.35
50.9,38.1,1476.92
56.9,26.1,187.464
45.9,34.8,749.764
46.5,16.0,8947.58
60.7,9.6,344.547
48.2,25.7,2296.44
42.6,-3.8,507.908
54.8,34.0,23.7697
50.5,36.1,1516.94
59.9,17.8,3289.28
45.5,-65.8,2707.64
41.8,9.1,317.028
48.1,-58.1,1.12788
44.8,23.4,2061.09
42.7,25.6,172.403
51.7,-0.7,10873.8
48.9,19.5,201.852
54.7,39.2,788.258
49.0,28.2,1802.84
52.9,13.9,3248.91
40.6,0.9,0.745774
67.3,14.6,990.384
46.9,3.8,3481.66
44.1,25.9,9472.94
45.3,0.1,3722.56
57.8,-4.2,837.428
51.4,13.1,5868.85
63.1,27.9,4966.37
52.4,32.6,405.77
66.0,26.2,115.183
41.6,-7.0,983.287
60.2,25.4,9170.16
69.9,21.3,7.74601
44.2,-3.3,0.425522
49.2,-68.2,7447.03
45.1,-63.0,1264.76
50.3,37.2,3905.19
50.2,13.4,12029.8
44.7,5.0,8218.13
44.2,21.4,7404.19
62.0,16.7,560.104
46.9,-64.9,675.509
60.6,26.9,1427.79
45.9,25.6,1253.26
47.7,30.2,2261.69
66.6,24.9,304.74
64.2,-18.7,7.35632
43.4,25.2,5984.3
64.8,36.6,1.43657
40.8,31.2,10257.5
47.3,-53.1,1144.94
47.1,-53.4,112.178
52.4,14.7,2269.32
47.9,-70.0,6.41541
53.7,24.4,356.894
47.7,36.3,2171.56
52.1,-7.8,949.195
41.7,1.5,4336.68
40.0,30.8,3923.93
55.7,36.8,6080.34
69.1,17.0,108.433
41.6,20.8,586.504
64.8,-22.7,65.4764
58.9,34.7,139.598
43.9,-66.0,1384.47
64.6,-19.6,34.3871
51.1,38.5,1430.64
51.5,32.8,714.893
50.0,21.7,10073.7
46.5,25.4,983.805
58.0,26.9,2360.25
53.8,36.3,182.65
43.4,40.0,2227.07
45.3,36.9,2515.76
61.9,28.6,871.382
62.6,15.3,10.2559
70.0,32.0,0.000437384
48.9,-57.4,0.0253473
48.3,-3.7,2525.41
61.4,6.7,348.902
45.3,28.1,9521.55
40.8,37.4,9286.57
62.8,35.0,19.8318
56.1,34.2,137.762
60.8,39.2,1.58655
47.9,-66.4,1152.11
51.4,9.2,4837.28
48.1,11.8,21532.8
61.0,7.8,204.597
53.5,-6.6,3294.34
54.4,35.9,1120.22
62.5,22.3,3902.8
54.3,23.5,2410.38
44.2,20.1,13725.4
53.4,16.6,2094.57
47.6,-58.9,336.412
59.6,6.0,588.88
54.3,22.7,560.223
59.6,15.1,1126.58
53.5,22.7,104.334
44.4,-68.0,981.344
46.7,34.6,2184.28
66.6,31.3,35.38
63.1,12.3,6.15356
44.1,8.0,2196.9
45.9,38.6,2089.17
46.2,16.7,9645.58
53.0,10.3,2592.18
40.1,-8.6,12213.9
48.2,-69.6,1034.01
42.1,19.6,632.588
52.1,15.1,1459.22
48.9,-64.7,298.384
61.9,38.8,120.987
56.2,29.4,48.6537
48.3,-53.5,163.711
60.1,25.9,127.307
64.8,27.9,153.181
63.4,11.1,1559.96
57.9,-4.8,215.123
55.7,34.7,346.369
62.9,34.5,791.884
64.7,-16.6,5.69995
62.9,28.8,94.7815
43.7,28.0,5701.87
52.5,27.7,1391.02
60.5,16.3,4187.46
53.2,18.8,5199.64
64.2,15.9,65.7574
60.7,28.8,1479.24
47.2,12.1,3178.25
46.5,4.5,2327.57
60.3,37.2,32.0482
62.0,12.1,314.699
51.4,39.8,1362.07
59.6,33.0,50.1576
54.7,-3.3,1646.33
57.2,-2.2,10083.4
58.0,14.1,3231.93
52.0,-4.0,1007.73
54.0,8.8,1039.67
52.4,15.3,1435.88
45.2,21.8,10348.1
44.7,-0.2,6387.24
48.9,7.9,12514.9
47.0,0.1,4613.22
44.2,7.4,1037.25
48.7,19.7,1207.18
49.2,5.8,5997.98
53.3,22.9,4270.08
55.7,27.8,608.915
47.6,15.9,16993.3
68.3,16.1,145.431
54.8,39.1,860.156
47.9,-66.6,1042.33
41.1,25.3,13100.7
65.0,33.7,121.591
55.9,22.9,6362.51
60.4,14.1,213.688
42.6,1.8,1063.4
61.1,5.1,43.2811
49.5,33.5,2284.5
57.2,-6.2,124.906
53.6,19.3,3118.35
47.5,1.8,2277.17
47.5,23.5,11232.4
49.1,15.7,7414.72
49.4,19.1,4027.16
63.8,15.8,80.1417
51.1,10.7,4674.19
48.9,35.9,2723.85
47.8,16.7,920.966
47.7,11.4,6228.36
43.5,12.6,3604.03
53.8,25.4,2576.63
62.7,34.0,11.5818
55.2,-6.5,757.769
53.2,24.5,3107.52
65.4,-22.2,52.3807
64.0,-18.8,0.00457134
44.6,4.0,1288.43
52.4,33.1,650.005
48.9,30.3,2196.79
46.6,-69.3,149.991
46.7,0.2,5893.75
56.0,28.3,7.25954
44.7,10.5,26997.3
64.4,-21.4,22.4612
46.6,-67.5,3.17286
54.4,39.3,1211.0
48.3,38.0,7168.44
46.0,23.7,4166.93
54.3,18.0,6134.0
52.6,14.8,2058.5
67.0,23.4,6.15356
53.0,28.8,837.08
50.1,-5.8,83.8865
53.9,15.2,6046.46
41.6,-7.7,2942.8
53.1,39.2,1381.69
52.0,16.5,11863.6
59.5,5.5,1318.92
58.3,27.5,420.791
43.2,24.1,4645.66
45.2,25.9,11887.0
55.8,-3.3,5374.43
52.7,33.9,196.887
47.3,25.9,686.451
52.0,7.1,8185.36
48.7,-69.3,15.6806
59.8,5.2,2203.36
46.2,-0.7,5288.13
55.8,32.0,51.0488
52.5,31.9,1793.8
65.7,-17.3,51.3997
61.3,11.9,474.02
43.5,11.2,5598.95
49.3,12.6,5580.31
49.8,34.5,3003.78
55.8,28.3,249.719
48.1,28.0,10985.7
59.2,31.6,59.8931
50.6,9.6,4819.76
57.4,25.9,6094.41
41.4,-1.1,2037.59
50.4,25.9,3009.78
51.9,30.3,210.334
46.3,0.2,3747.3
62.5,33.7,9.67793
66.1,17.5,73.4813
48.5,34.3,3086.24
43.5,-1.2,12701.4
47.2,19.1,11332.0
63.7,-17.7,0.0524698
56.1,33.9,74.5787
46.8,6.1,4105.44
61.1,10.5,985.825
61.0,9.5,431.111
62.4,21.1,22.957
44.2,39.3,23.3222
54.9,37.6,29.8271
46.3,27.5,8610.65
44.7,-63.2,2490.35
46.1,21.4,13700.6
51.7,6.8,9287.16
40.6,37.5,4479.95
60.6,7.8,186.955
46.3,-63.1,2533.11
50.2,16.4,1388.55
44.8,39.4,1941.3
61.1,38.7,74.8088
50.3,8.5,21475.5
50.9,28.2,867.183
61.0,23.1,936.089
46.9,6.7,3680.47
50.0,9.7,8427.93
57.4,-4.5,3565.64
52.4,14.5,4227.52
63.6,19.1,261.439
53.2,10.1,9739.03
48.6,-53.9,261.667
65.8,14.0,175.514
59.5,26.1,558.325
47.3,-2.0,8688.67
64.7,-18.7,0.0251423
46.2,1.6,2860.77
53.1,20.4,5176.66
43.6,0.1,1804.48
44.9,7.2,12972.2
58.1,27.9,24.9871
51.8,18.4,4673.58
46.1,12.0,9168.99
49.0,6.5,6316.84
45.0,39.8,2281.97
59.4,23.8,4.25965
45.5,38.7,2518.01
50.9,39.9,1151.87
56.8,31.3,23.1034
46.8,8.0,1802.83
55.9,24.5,1888.0
46.9,23.8,9017.59
49.3,5.6,3592.66
62.7,27.5,4377.77
64.4,31.1,1.7452
51.1,17.1,29424.2
59.1,15.5,7642.42
40.0,16.4,3614.91
40.7,-6.2,1150.76
63.8,38.1,36.4809
58.7,14.8,168546.0
40.4,30.1,10316.8
42.7,24.6,2814.02
53.7,-8.9,799.296
55.5,13.7,3804.64
52.0,22.3,4819.1
47.8,32.4,1961.01
49.4,3.1,6730.67
42.4,-3.6,1326.96
45.2,15.6,1225.3
41.0,-1.2,334.425
52.2,5.7,8381.2
45.0,-69.9,2179.25
40.4,21.9,1595.59
53.5,30.1,1290.27
51.8,37.2,1597.29
46.8,20.1,9630.35
44.1,17.6,10238.2
41.9,12.9,8268.48
42.8,19.6,770.298
49.2,-54.5,923.286
69.3,32.8,623.425
40.1,-7.6,6293.98
47.7,-67.2,54.128
45.5,28.9,2513.3
53.5,13.5,3817.85
41.6,21.7,4919.77
62.1,5.9,1260.79
45.3,20.3,19718.4
54.8,10.4,7454.51
63.0,16.5,1210.4
52.3,-1.2,6519.74
47.0,6.3,3660.2
54.8,30.7,116.982
50.1,6.8,12229.8
61.2,30.1,30.779
60.1,5.2,384.088
42.1,-8.9,22375.4
52.3,28.7,1270.52
58.8,25.5,3881.12
41.2,36.3,2745.95
63.2,11.9,2.86906
43.1,-8.5,3800.67
57.8,16.2,981.322
61.0,16.5,188.709
53.0,18.6,29994.4
53.5,16.5,1847.07
62.6,15.5,10.2559
52.7,31.7,430.241
61.4,24.1,6953.36
43.6,17.0,1933.43
44.3,28.4,11984.3
60.9,24.7,1255.94
43.7,23.2,9679.28
63.3,21.9,45.914
61.9,28.4,158.047
40.5,-1.4,1040.87
45.3,23.4,1023.76
67.5,33.2,65.3657
53.7,9.4,13984.3
57.8,14.0,4138.05
44.6,6.1,4658.37
52.8,39.2,1392.54
45.9,-0.2,2655.28
60.7,21.9,2283.61
45.4,28.6,1107.39
46.4,28.8,9841.32
60.8,25.6,5778.35
60.2,17.6,2390.58
44.6,39.3,271.723
48.6,-64.3,1408.37
58.2,11.7,1864.45
52.8,1.1,3772.57
63.2,14.5,1115.43
40.7,36.8,2054.24
54.5,25.3,17920.9
46.0,2.4,2919.04
64.5,25.5,996.788
48.7,31.3,2328.56
49.4,9.9,5730.58
47.9,19.1,12249.4
53.3,24.5,3585.58
56.2,38.3,204.237
58.2,-6.4,7375.67
51.9,7.6,152028.0
61.5,26.2,455.398
65.9,13.3,362.6
54.2,-1.8,1689.93
43.2,26.5,18790.6
44.8,10.7,17378.7
41.0,22.1,3194.2
56.4,39.9,750.705
43.8,18.4,8284.1
47.5,35.5,1983.09
51.2,-68.2,285.273
55.0,9.7,13104.7
59.1,36.1,82.5331
59.9,6.1,19.8637
43.5,39.9,1115.93
49.9,19.9,23874.2
47.1,24.8,1253.0
49.5,25.3,4413.78
50.1,31.9,2249.64
47.6,15.1,618.708
51.7,-56.7,326.91
40.9,21.0,1090.46
53.5,37.6,1121.57
69.2,17.3,305.93
51.7,35.1,1032.56
45.5,20.1,7915.2
48.5,-3.9,16928.7
40.5,37.7,2065.14
67.1,27.4,22.0637
43.5,-3.5,1.84164
50.8,16.6,5497.69
51.3,17.5,2087.56
52.3,22.6,2524.12
55.0,-4.2,1378.71
42.1,19.7,645.232
52.5,11.4,4450.45
50.6,37.5,1577.22
60.7,29.0,22.1818
51.9,19.8,4280.84
66.1,-20.3,7.49303
59.1,31.4,129.521
62.3,17.1,5211.93
58.3,10.1,7.91565
53.6,35.2,157.825
52.6,18.3,6930.27
63.2,29.8,40.3747
59.3,7.7,497.678
59.9,37.6,50.1349
60.5,21.4,591.435
42.9,13.2,327.215
65.4,-14.7,25.2604
47.1,-66.0,0.722796
63.8,-19.9,7.49275
53.0,14.7,2503.25
40.9,32.7,4198.01
56.8,13.2,319.894
50.6,12.7,17652.0
59.1,32.6,0.793273
52.0,24.7,506.359
51.5,38.8,1430.09
67.4,21.0,80.5513
61.7,26.8,253.131
66.7,24.0,4498.75
45.0,13.8,4334.91
43.4,-3.4,1738.49
58.7,39.3,131.739
58.0,-3.9,1301.48
49.5,7.5,7690.88
61.2,16.1,128.152
51.4,12.2,12495.9
40.0,19.5,1.13818
40.3,0.3,2959.6
69.1,29.1,244.418
65.2,27.2,77.6424
60.2,26.1,50.088
51.7,8.7,41776.1
49.9,23.7,1492.67
52.5,26.1,361.774
59.7,36.0,36.3517
48.7,38.7,1004.41
51.6,34.7,1039.95
65.6,-20.9,34.2107
53.1,21.2,2757.93
59.9,19.9,27.5762
44.7,27.8,3984.34
43.3,14.3,0.421344
57.9,7.6,649.946
50.2,24.2,3657.4
52.0,36.0,1349.87
47.6,30.7,1398.9
51.8,0.6,11913.9
65.3,20.9,566.203
53.4,27.2,5154.58
54.7,39.8,2133.08
46.6,-68.3,631.76
49.0,23.8,5935.27
48.8,37.2,2055.47
45.6,-68.7,26313.0
40.2,33.4,4963.36
51.9,12.8,2298.36
51.8,21.6,10790.2
49.8,39.5,1174.54
45.7,16.5,4186.99
41.2,-6.3,302.811
55.8,38.2,3795.56
53.6,35.4,74.7832
48.5,30.4,2341.51
66.1,13.5,104.703
48.0,2.6,10388.2
57.0,31.7,26.178
63.3,17.2,769.826
52.8,23.8,623.509
68.3,16.5,294.052
63.5,24.5,337.048
46.7,-65.7,72.1841
62.7,14.6,117.354
48.3,12.3,6295.69
56.9,13.3,572.573
49.8,6.1,64995.8
49.9,0.9,1665.17
58.6,8.6,507.258
49.3,31.3,2840.85
44.7,-3.6,0.510421
53.2,25.4,1046.36
41.0,0.3,2442.56
45.6,-60.8,1195.47
52.7,12.7,3243.67
50.1,4.2,3944.67
53.2,38.7,1233.88
42.7,22.8,2701.4
47.9,3.4,7840.23
44.3,33.9,1329.02
65.0,-13.5,0.00866239
63.0,8.3,523.733
54.7,38.5,464.418
69.0,19.8,107.832
58.3,26.2,1035.01
63.0,26.7,261.123
69.0,34.7,0.634619
52.5,21.1,2524.47
54.9,-7.3,7045.53
66.8,25.0,36.8611
40.7,34.5,2125.1
51.5,30.5,676.79
53.4,34.5,47.5171
40.0,32.5,14245.2
40.1,15.0,2684.87
45.6,25.4,23008.9
47.6,35.0,3954.28
51.7,37.5,1426.25
61.6,13.2,1162.29
50.1,20.2,9799.13
48.0,19.1,9216.77
55.2,26.8,1294.55
48.6,7.4,12614.6
65.2,34.5,0.00249691
63.7,11.5,3484.02
53.5,22.4,1152.5
46.0,26.9,310.724
56.5,-61.9,154.519
60.2,36.2,12.0322
61.7,11.7,228.994
45.3,5.8,3675.99
62.7,35.0,4.60098
44.8,1.5,3768.89
55.8,-5.7,330.652
65.4,21.8,717.397
65.2,-21.1,8.31029
65.9,22.1,2150.34
52.4,21.0,10959.2
42.6,1.3,76.6599
56.8,30.9,1.90386
46.6,20.3,6680.36
54.5,33.1,1470.03
46.0,-64.9,28970.1
40.5,38.0,5435.46
62.7,27.2,16.5869
46.3,26.8,3184.54
60.9,24.3,10474.9
45.7,6.6,271.562
56.0,13.0,2504.11
60.2,5.7,1293.51
67.4,21.1,135.832
54.3,21.0,857.057
61.2,23.1,641.724
63.7,-22.8,0.0835976
54.3,23.7,2660.1
52.1,-3.7,500.238
50.4,-62.8,1.12788
50.3,39.7,1306.52
51.3,-0.2,20396.6
47.0,12.5,2020.53
62.2,29.6,718.679
57.9,28.3,60.6359
43.9,20.9,20264.0
54.3,-5.6,3808.95
59.9,9.6,387.336
68.2,40.0,0.00109563
66.2,-18.4,0.00722383
64.8,30.1,2969.73
46.9,20.3,6550.65
47.2,10.9,17887.7
47.1,37.9,2392.69
64.9,31.6,2.85578
48.9,0.6,4368.68
45.2,2.6,3562.4
51.0,16.0,1868.35
51.0,23.9,883.241
47.4,-53.6,4532.44
45.2,19.2,6406.76
51.3,38.7,1281.61
53.1,4.9,122.578
62.7,27.3,85.4871
47.7,39.7,1466.7
54.8,38.6,947.609
68.8,37.4,0.00583757
51.6,29.4,242.838
50.8,-3.7,2292.5
48.1,9.6,7101.58
45.9,15.5,10595.5
53.8,7.9,0.582922
45.5,-0.8,5186.45
46.1,27.0,7873.75
47.7,21.9,9693.63
44.8,21.0,7926.79
51.9,24.7,1188.11
53.1,14.0,2922.87
57.1,-2.2,16777.6
61.3,21.8,411.569
49.4,22.4,4354.74
46.1,19.6,42847.2
47.4,12.7,6252.59
62.9,34.4,192.619
62.5,7.3,203.249
47.2,-53.7,359.191
54.6,36.3,664.864
50.3,15.5,8647.58
47.0,5.0,4775.52
46.0,5.5,2992.06
45.6,33.7,2085.86
51.3,26.3,3676.29
52.9,30.9,797.897
50.6,18.1,8481.64
53.7,23.2,775.129
56.3,33.8,157.726
55.2,36.1,566.658
54.7,12.8,13.0835
45.7,17.0,6078.95
64.3,16.5,21.5374
55.0,34.1,39.4436
66.2,21.9,143.734
49.0,4.4,5504.94
53.6,22.5,2523.17
52.5,39.3,1297.23
43.4,25.4,6782.45
69.0,15.5,419.082
65.2,14.1,16.3166
56.2,-3.4,3165.08
45.1,24.0,10490.2
55.7,-6.3,907.389
56.8,13.1,270.891
46.5,13.4,1960.44
60.1,21.9,1100.31
61.5,30.5,4.60098
46.7,31.1,2424.95
59.6,35.1,10.3612
43.4,-8.0,4790.08
66.3,35.5,0.00114106
64.2,23.8,2515.13
47.8,26.5,4289.17
65.1,-14.2,35.2499
42.5,18.4,2507.53
49.3,-5.3,0.520974
42.4,3.0,102.081
40.9,39.4,2201.0
46.9,9.8,704.708
43.9,5.7,9472.71
43.6,-9.1,0.531031
62.3,15.2,470.382
40.7,37.0,1675.57
46.9,17.7,4151.72
57.6,16.5,140.143
55.0,-4.5,169.564
49.8,16.3,10941.8
66.9,18.6,81.828
52.4,-1.1,4857.43
62.7,16.7,1575.07
50.6,20.7,11085.6
40.6,34.0,1132.17
51.2,11.9,16034.3
48.3,12.7,7981.85
69.3,25.8,708.606
47.1,33.8,1617.91
49.5,36.5,3738.02
46.5,29.8,5632.56
53.7,26.1,1641.36
44.9,-0.3,26785.5
65.6,-16.3,30.5449
61.5,31.6,61.3993
41.0,37.3,1021.3
53.2,25.2,1761.9
50.3,2.1,6434.78
60.0,32.4,11.1058
56.0,28.9,4.21641
40.5,34.0,1757.71
54.2,25.6,748.132
47.2,33.4,2233.36
51.0,27.4,730.031
53.0,20.7,3396.93
63.7,-22.6,0.188579
69.7,31.3,3.18429
63.4,30.4,3.45189
58.1,39.4,303.469
47.0,0.8,6002.99
56.6,22.8,2087.06
65.3,22.0,9.23033
43.6,-4.8,0.56109
44.2,27.8,3169.86
44.5,9.3,1430.21
48.0,23.3,4302.23
55.6,8.3,5869.59
46.6,19.1,2679.26
66.1,22.5,137.409
43.7,22.7,4225.96
60.2,33.0,33.3997
60.1,10.0,212.123
47.9,38.2,2435.24
53.0,4.7,3979.31
42.9,27.8,2383.07
56.5,27.1,2502.34
65.9,38.3,0.000303914
52.6,32.7,755.035
41.6,1.3,2794.47
66.1,-17.9,0.776037
50.3,36.6,1691.68
55.1,38.1,844.278
45.9,-69.2,552.509
60.3,23.4,1449.51
63.8,25.5,323.253
51.2,11.4,8525.58
45.0,22.8,7720.22
55.1,22.2,1381.14
49.4,4.5,4415.71
44.6,27.2,3536.8
45.4,-66.7,40.6147
54.1,25.4,456.732
52.0,15.2,1044.81
65.6,16.4,61.9485
63.8,34.1,4.60098
51.6,27.7,243.894
62.3,25.1,807.584
40.7,24.1,324.459
43.4,24.5,31108.1
48.2,12.0,8319.59
49.5,36.6,2355.3
40.8,37.8,6119.43
56.3,-5.6,373.171
61.0,14.9,17.4351
61.5,24.3,738.674
63.2,23.5,839.54
48.4,32.6,1710.41
47.8,8.2,5475.51
51.5,31.6,1190.94
48.0,19.9,12341.7
40.5,32.8,1200.31
52.6,37.3,1260.86
66.1,33.7,0.475964
60.4,39.9,34.3599
56.0,-4.5,1742.6
48.4,38.0,3288.76
45.9,21.1,8515.98
43.7,-1.0,11733.8
61.7,13.5,55.2467
45.4,38.1,1048.8
46.8,15.6,8272.36
51.3,27.1,737.915
59.7,27.9,0.00488159
51.3,35.3,1542.02
50.9,39.1,1400.77
57.4,25.0,236.007
50.2,39.3,1521.35
53.1,24.0,4404.84
40.4,31.1,4029.92
49.7,26.4,3109.72
48.8,-69.8,2.18927
52.6,17.0,4198.53
40.0,34.4,6051.8
41.8,24.7,1307.62
56.8,27.9,281.977
49.1,31.7,1726.37
43.9,19.8,4160.71
49.6,39.2,1849.43
45.4,28.9,1178.24
59.2,10.4,31328.6
49.6,28.7,2445.3
55.5,-2.2,1291.64
68.3,14.0,185.572
51.1,14.4,23917.4
49.5,22.6,1255.69
45.2,11.7,41839.4
69.7,30.9,0.00796909
59.2,30.5,67.4282
61.8,30.1,72.5839
60.1,16.2,6793.92
53.8,35.1,276.957
46.9,22.2,4287.83
40.8,2.2,0.382337
50.2,28.1,793.44
42.4,9.5,5037.43
56.4,39.4,533.843
43.9,24.0,10540.9
56.3,12.8,7071.71
49.5,-1.3,2426.99
55.0,23.4,3913.61
42.4,-6.6,414.958
54.9,27.5,837.786
50.4,19.5,8627.35
43.6,0.9,4858.12
41.2,-2.3,2461.39
52.9,6.0,4705.99
50.3,-3.7,2966.82
57.0,-5.8,22.0082
44.4,12.2,193523.0
56.6,11.1,9.57235
40.6,29.3,9136.53
50.1,19.7,11480.8
56.1,10.0,24376.1
50.5,33.3,2232.36
41.7,2.6,10218.6
45.9,-67.8,347.867
57.7,-2.2,341.592
43.5,-66.4,11.9659
66.1,21.4,168.864
48.4,-64.7,4.24799
47.5,15.2,6953.45
47.5,29.1,2108.25
49.3,26.3,3767.81
40.9,-1.7,693.098
42.3,24.8,4841.82
64.1,24.1,671.74
62.3,33.7,8.72601
47.9,1.7,5385.81
60.5,30.4,204.739
69.1,20.3,65.9759
47.2,1.3,10886.8
57.3,-6.2,294.967
41.1,34.9,349.21
42.2,-1.3,2105.9
49.2,2.2,14025.2
64.0,9.8,134.652
66.0,28.5,325.551
47.9,3.0,5359.07
61.8,17.0,1588.08
65.9,-17.9,7.47187
62.4,16.0,1680.5
57.1,31.7,1.26924
54.5,31.0,636.8
55.1,8.8,3474.67
53.8,8.5,2164.26
45.6,2.4,3841.87
58.8,14.5,149.536
52.2,7.2,6612.76
50.2,26.5,647.422
51.5,-4.0,1580.51
52.9,12.0,2592.42
42.4,23.0,2533.11
49.5,18.7,12721.9
65.6,28.5,85.567
52.2,-3.7,133.334
45.1,36.1,3031.52
40.9,0.8,8097.61
53.6,34.6,199.167
40.4,16.1,2876.86
49.5,31.5,796.666
47.1,2.8,3167.07
51.8,16.3,6421.15
43.8,-69.3,67.8399
41.8,12.2,14606.9
58.5,33.9,31.5874
60.8,14.6,1043.78
44.9,28.0,4005.91
40.6,1.5,0.376043
48.0,-1.2,9291.31
50.5,28.8,1380.69
44.9,11.3,12276.3
62.1,16.4,82.7659
44.1,6.8,425.663
57.4,10.1,7793.25
43.5,10.4,8934.4
58.8,36.2,45.6451
63.6,10.2,1343.93
56.8,36.7,125.663
52.8,-8.8,995.862
69.7,30.4,90.387
69.4,32.1,56.957
50.2,14.5,33830.3
44.3,-69.8,11470.6
66.7,27.0,457.061
65.1,-13.4,0.00296108
61.4,30.1,15.2308
62.2,39.3,38.1698
49.5,31.4,1506.39
50.2,-64.6,161.397
47.3,26.3,12813.1
61.0,36.0,2.06251
61.3,32.2,2.69713
44.9,3.8,6931.55
64.1,20.1,701.11
42.1,14.3,16534.9
58.4,13.5,1279.28
67.6,15.1,30.505
44.7,-65.3,103.038
50.9,23.0,2992.53
63.9,20.5,8388.69
48.8,16.7,9527.15
67.9,34.7,4.28368
46.3,23.8,11667.7
63.2,7.5,1.10453
61.7,15.5,463.987
51.7,-1.8,4495.66
43.3,26.4,4132.86
54.3,39.7,944.472
64.2,29.6,26.3964
44.7,-65.6,1814.37
55.5,-3.4,406.786
46.0,19.1,3754.6
46.0,20.3,1049.42
46.4,14.8,5035.34
40.3,-3.3,5035.51
44.7,-63.3,5305.56
67.1,28.5,106.927
40.5,37.3,3100.0
43.5,10.9,11432.3
64.2,-19.7,0.0251423
61.2,7.7,2510.46
65.6,-13.8,0.00229929
41.8,15.8,5682.41
46.7,11.6,22588.9
52.9,17.3,6615.89
40.2,22.4,12339.0
45.1,2.4,2978.89
58.4,30.7,79.6756
49.7,-57.0,312.422
41.2,27.3,5736.08
56.9,13.1,852.553
52.3,-56.1,329.638
56.3,39.4,665.09
46.9,26.5,10229.8
53.1,13.5,2564.59
48.5,14.4,9107.37
50.1,5.5,3274.94
53.5,29.6,218.849
53.4,15.3,5331.73
63.9,38.7,0.634619
48.5,11.6,6279.79
67.9,25.4,62.8253
47.0,14.0,2530.51
46.3,24.5,5909.55
42.5,-8.4,2784.56
50.7,13.6,2485.46
44.9,13.0,1.07485
50.9,26.5,3000.45
40.1,22.3,641.183
50.4,8.4,12264.6
60.3,28.9,132.088
51.2,25.3,86.6318
53.8,33.2,327.058
47.6,34.7,3440.2
47.1,16.3,7040.92
46.3,-65.5,21.4297
61.7,23.2,1472.11
59.9,15.0,368.596
52.5,8.2,8681.85
52.0,23.5,5185.93
48.9,11.9,7956.56
46.1,33.5,2316.5
51.4,19.7,14162.7
48.9,-5.4,0.572887
48.7,30.3,3320.5
59.6,9.0,1189.93
61.5,23.8,21261.8
62.6,9.4,23.4108
50.7,20.4,8511.38
59.8,6.7,229.479
54.5,31.8,204.581
56.6,27.8,504.805
65.4,-17.6,0.0159997
52.3,17.0,20670.3
52.8,18.4,6407.04
46.8,18.2,5628.06
52.0,36.9,1406.22
56.6,12.7,22495.4
52.9,8.1,4087.03
52.5,19.6,23037.8
66.3,28.7,166.96
42.8,-7.0,582.119
45.9,-67.0,851.78
52.9,6.8,6808.91
66.1,14.5,65.2902
48.4,-53.8,271.818
61.8,8.3,215.141
51.5,23.2,933.174
65.2,-13.6,2.01443
54.5,-8.0,468.851
47.1,28.5,10687.1
54.8,-6.8,2735.85
51.4,18.0,7141.88
40.1,20.4,1626.73
63.5,12.9,477.729
51.5,28.6,881.782
49.9,33.7,1880.21
58.6,36.3,28.4844
49.5,22.3,2853.01
53.2,24.0,1615.05
51.5,19.0,10726.0
56.2,36.6,725.338
45.6,2.5,3555.93
45.4,17.9,347.68
49.0,34.3,2043.58
46.7,4.4,12332.9
64.1,-16.8,0.0388564
46.7,19.8,14781.5
61.2,25.3,550.551
40.9,31.0,2994.6
52.6,39.7,2189.67
49.7,17.2,11014.8
65.4,34.4,0.0115057
58.8,12.5,691.539
44.1,25.3,16354.1
44.2,19.9,30064.4
62.9,26.5,454.625
44.1,16.1,909.071
55.3,38.3,1499.03
50.4,23.6,1999.6
57.2,22.5,21778.2
52.0,11.5,22526.7
44.8,4.3,2613.52
53.4,32.7,376.739
63.4,-19.7,0.0036178
68.9,18.8,61.7194
46.9,36.5,1990.92
59.3,27.1,3826.7
50.6,-4.7,3744.21
63.3,37.1,1.58655
62.8,25.7,71.5784
49.5,32.8,2705.68
44.9,19.2,5609.06
52.2,10.6,21601.7
55.7,-3.4,2343.45
67.2,27.7,52.7296
62.5,9.4,179.655
52.4,-7.5,880.839
58.9,11.8,182.52
46.8,-0.1,14439.5
63.0,27.5,2348.52
65.6,14.2,393.134
53.2,39.3,1296.54
59.7,39.4,51.9098
47.6,-53.3,11649.1
46.8,32.4,1807.71
62.6,22.2,656.769
40.3,-9.0,0.955869
46.5,6.6,369916.0
61.5,24.9,238.331
53.6,-60.9,5.43961
44.7,3.3,3260.71
52.3,39.6,1408.95
40.3,-3.1,1901.97
60.6,27.6,2211.28
52.2,6.9,12233.6
48.3,21.9,8067.86
45.3,35.4,68.8029
53.6,33.9,7.29237
51.4,34.4,1393.76
46.7,26.1,371.987
41.9,-7.6,2189.75
62.2,5.4,411.463
55.5,38.8,991.562
40.8,21.2,196.292
60.9,27.4,246.018
41.4,17.7,0.844344
46.5,14.1,12402.2
67.3,13.2,6.23237
65.5,-13.8,0.162688
53.7,26.3,91.7793
56.4,33.6,110.929
46.7,27.6,8220.58
58.9,9.5,1170.1
53.7,-2.9,9952.3
59.9,15.3,445.693
51.0,-68.4,175.234
50.2,16.9,143.692
47.1,11.1,1907.7
67.1,32.1,182.105
47.6,33.7,3242.08
54.5,29.1,590.848
45.6,22.7,2313.92
42.5,1.3,292.951
55.1,10.1,5178.35
40.0,34.2,9729.05
64.7,11.3,376.024
49.3,22.2,2257.14
48.1,28.3,11658.7
45.3,7.1,12.5346
51.8,31.5,1903.82
46.0,1.0,2286.05
60.1,18.2,1066.79
52.9,35.8,1348.94
51.5,35.2,1486.73
45.4,0.0,4063.9
53.0,20.4,4921.26
43.0,13.5,7363.14
65.7,-19.5,52.0777
49.8,15.6,8331.99
53.1,-4.2,6798.87
44.8,22.3,3839.56
55.2,-5.6,15.9952
65.7,14.8,415.999
46.1,1.0,8514.85
61.8,23.2,62.0217
50.9,15.4,3425.01
61.6,23.4,1160.92
61.6,24.7,266.137
59.9,35.4,85.4304
60.9,29.1,605.665
42.1,19.9,611.322
50.3,39.5,1128.48
58.1,7.1,1808.25
57.7,-7.3,37.3221
43.1,-3.4,330.063
47.9,27.6,10497.4
64.0,38.2,36.0146
64.2,10.1,13.3463
66.1,-21.9,0.00510398
46.3,-62.5,1101.19
40.4,37.0,2369.56
41.5,21.1,23.0585
63.9,-20.4,66.3643
49.8,21.1,9097.67
46.6,7.3,772.797
48.9,19.7,781.368
41.6,2.1,31153.9
56.2,25.4,1223.14
40.2,-2.4,378.063
46.3,5.5,2679.07
56.6,37.9,440.665
56.9,24.2,127154.0
63.8,26.4,596.266
54.5,11.0,229.268
45.9,0.4,3125.06
41.8,-1.8,2931.17
51.1,-0.8,11879.8
51.9,6.6,4988.16
43.3,5.4,40336.7
62.9,17.4,247.175
48.4,25.1,3171.97
45.8,8.5,20676.8
47.3,6.5,2651.14
46.0,-69.6,513.176
53.8,26.5,279.384
49.8,31.6,795.776
50.2,-65.5,283.406
60.8,26.7,66646.4
49.1,18.5,2501.73
43.1,19.9,2594.96
63.0,7.1,9.09132
44.4,38.3,406.262
47.9,-53.3,76.3193
54.6,17.5,2720.36
49.2,31.5,1591.21
57.6,9.5,7.18388
61.1,25.3,470.484
44.3,27.6,14169.0
40.8,19.4,1696.44
59.8,15.8,914.581
46.8,-0.4,4413.23
56.7,11.5,237.737
40.7,9.2,589.607
61.1,13.9,880.657
62.8,25.5,38.4077
47.5,17.6,13247.6
64.8,-15.7,5.88443
52.2,-67.6,24.0058
64.9,38.2,0.000869456
47.8,1.0,9427.5
42.3,-0.7,481.693
54.2,38.8,1579.26
54.2,23.1,4129.31
53.9,-9.3,346.366
48.2,-2.6,4102.37
54.3,19.3,205.269
69.3,20.4,17.7355
63.0,17.9,172.089
44.9,14.1,3323.66
45.7,25.0,3175.66
41.4,34.4,114.172
44.1,23.8,11592.1
53.6,27.9,8068.27
51.3,16.5,1982.93
41.4,-8.6,36481.4
58.5,7.2,168.842
59.7,10.0,11892.3
50.2,17.9,5617.78
65.3,-19.4,3.51095
48.5,4.9,2349.07
41.3,16.0,4131.39
57.0,9.4,7637.22
45.4,37.6,74.7835
48.4,-54.5,0.109838
45.2,2.9,1571.6
40.6,-69.7,12.0282
63.7,16.3,7.17915
65.3,28.3,214.387
41.5,23.7,18076.5
50.5,10.0,6452.04
43.5,16.2,23178.6
56.5,-4.9,7.9976
64.4,-14.5,0.00798776
57.4,39.4,152.731
67.1,29.6,1.58655
62.0,36.4,15.7068
53.0,-66.4,310.55
47.1,32.8,2118.46
52.9,9.2,23193.6
65.8,14.8,60.51
55.5,31.3,235.828
58.3,36.0,65.1004
50.2,30.1,1798.77
48.1,13.4,19903.4
57.3,19.7,1.94867
52.2,7.9,38699.1
55.2,-3.9,803.821
52.2,4.7,12816.4
51.3,7.1,35851.1
54.3,37.0,697.903
63.1,11.2,691.071
59.9,24.1,112.698
56.6,36.2,1094.49
52.8,35.6,1288.66
57.0,39.7,215.468
54.1,28.1,984.78
46.1,-61.1,161.577
40.6,37.7,399.911
41.5,12.8,19216.7
52.9,-66.8,360.135
42.5,26.5,9478.4
57.9,15.2,1074.72
50.3,18.6,24532.4
49.1,4.8,3008.48
44.7,21.9,497.958
42.0,14.7,10816.2
61.5,22.0,484.613
57.0,13.2,3065.81
49.7,34.0,2448.26
51.8,8.0,60413.3
66.1,22.3,369.334
62.3,22.1,1147.76
45.3,14.8,3172.86
45.7,-65.6,9459.88
53.0,31.1,185.67
69.7,31.7,0.0261572
45.8,-66.8,3921.28
40.2,23.2,6519.12
56.4,37.6,511.687
53.9,24.0,1208.73
69.1,27.8,211.835
47.1,-2.2,15722.7
51.6,37.5,1388.7
52.6,30.8,4025.27
43.8,5.8,14869.1
53.0,-1.5,17218.9
55.5,-2.9,1650.07
51.4,25.6,1085.15
44.3,16.0,853.348
60.1,17.8,5419.15
58.3,28.0,7.25923
52.8,36.7,1213.27
53.8,29.0,1507.62
46.1,-62.8,714.924
56.3,26.0,432.375
66.1,28.7,18.783
56.5,29.3,1.90386
59.8,30.7,332.61
66.7,31.5,19.0386
47.0,-67.6,68.4387
59.2,26.6,584.194
55.5,24.0,3908.57
58.2,27.1,1177.18
50.7,37.4,1791.45
46.2,3.9,1473.43
61.0,35.2,37.1461
63.6,-18.5,100.364
62.7,7.4,1063.83
67.9,33.3,0.158655
64.9,-23.4,26.308
59.1,9.0,1033.39
40.0,30.0,4363.95
48.1,3.1,7334.99
53.5,-60.2,2780.56
66.1,37.4,0.00168828
56.2,33.2,143.408
49.9,38.1,5203.81
62.7,22.6,5360.58
41.9,12.1,24097.1
63.8,11.4,1318.66
46.7,21.4,8895.26
50.7,6.5,16423.4
52.4,-1.8,25255.4
67.1,25.1,15.6451
52.0,1.1,15371.8
52.8,31.1,300.606
45.7,38.7,2223.08
57.1,9.6,10129.3
54.6,27.0,345.921
58.3,33.9,1549.75
62.0,17.2,1295.74
42.2,-4.0,2542.13
64.8,-21.4,34.7667
63.4,10.5,10312.3
44.8,3.1,1414.04
58.1,26.4,1814.03
58.9,7.5,78.036
56.8,-5.6,29.3245
48.9,20.5,12884.2
65.9,26.7,140.298
52.5,30.7,2852.05
50.7,12.9,24404.4
49.7,16.0,9466.24
54.3,-8.1,615.853
56.8,21.7,2360.81
43.5,17.7,510.043
45.6,23.8,45.2391
44.5,24.7,11596.1
56.4,8.8,3509.83
50.6,6.3,8912.83
48.6,-58.3,97.28
49.3,25.9,3743.18
48.4,12.3,9445.85
65.7,-20.0,56.1163
45.8,17.0,4854.55
53.9,31.9,218.48
59.6,5.4,955.019
45.0,36.8,0.377539
63.1,14.2,633.964
58.6,7.7,328.418
42.3,-5.8,4780.82
52.8,27.8,1610.38
46.5,29.3,8422.68
42.0,14.8,6080.01
63.2,29.3,137.152
51.1,-56.5,4.51151
40.7,35.9,3511.34
47.3,5.7,3838.36
47.2,22.8,8185.26
48.7,21.0,454.606
48.0,22.7,5645.78
47.2,28.6,6026.45
57.7,16.0,1221.63
59.9,16.6,10255.9
52.0,20.6,15432.0
63.3,-19.5,0.00138936
56.5,26.0,1029.16
64.1,36.6,6.98371
52.4,31.0,9418.08
51.4,14.3,2384.32
65.0,27.9,226.268
44.3,-66.7,24.0403
55.0,8.3,255.074
50.5,33.5,1697.65
48.7,26.1,2286.47
40.3,17.9,6960.37
53.7,25.8,1390.35
49.9,24.2,6160.81
47.9,-65.4,39.4757
43.5,17.9,4408.72
47.3,2.5,2797.77
65.4,22.5,12.3071
48.3,4.7,2621.13
54.2,-5.8,1580.25
60.5,22.0,11269.7
42.8,21.6,1895.66
42.2,-8.8,44583.1
47.5,16.0,7615.99
54.6,9.5,6717.07
56.4,38.8,675.512
59.8,6.3,31.9238
59.0,28.0,303.06
43.4,21.0,14227.5
47.8,1.1,5766.27
51.9,28.4,506.005
62.9,28.7,5644.8
63.4,11.3,300.935
45.3,27.5,4294.53
46.5,5.6,4764.94
46.2,-68.6,209.665
66.6,27.4,219.773
65.0,15.8,623.59
59.9,31.3,71.3946
52.3,31.5,1082.5
53.3,38.5,1096.26
64.5,36.6,0.000550905
50.0,16.2,8631.23
50.5,26.9,2929.1
49.8,38.4,1883.93
50.0,22.2,24135.4
57.9,26.3,2573.75
40.9,-6.6,793.064
58.8,36.4,327.078
57.8,33.6,939.22
57.9,11.6,2087.88
58.3,33.0,1.58655
56.3,28.3,12.5337
52.6,9.2,18674.8
43.3,24.9,2990.08
53.4,37.5,894.977
64.8,-13.9,144.45
63.3,26.7,300.25
65.7,30.1,13.0368
54.2,16.9,1427.52
53.3,-0.1,3167.31
48.3,-4.0,2213.03
48.7,-4.0,3970.22
55.7,38.6,2924.79
55.6,-4.4,777.251
48.9,33.4,5235.68
49.9,29.9,2838.66
52.5,12.4,1934.23
48.5,23.7,43.1693
46.0,16.8,2385.54
58.6,-70.0,103.765
53.1,-6.7,1171.47
43.8,17.3,301.783
54.5,24.8,4784.36
41.9,12.7,24613.9
50.7,36.1,1603.44
40.8,22.8,5230.92
64.7,-21.3,45.4378
48.4,23.1,1105.3
61.0,5.5,195.018
48.1,22.4,4776.34
43.8,3.2,1587.77
64.4,13.4,266.958
40.5,23.6,872.045
47.2,16.4,11150.1
42.9,11.8,4732.75
55.1,32.3,313.771
50.0,13.9,3732.07
54.3,-8.4,97.5799
57.6,38.0,232.119
40.2,26.6,1893.49
41.2,-5.3,1497.58
45.1,28.7,13134.1
51.2,3.0,8900.05
58.6,28.7,58.9369
41.9,23.7,439.954
57.8,16.6,81.37
53.6,14.2,842.746
42.8,17.8,1086.62
59.6,40.0,148.031
41.9,14.7,11391.0
53.4,15.0,6549.99
43.4,4.3,325.864
44.5,16.9,523.34
54.5,9.7,3881.96
49.8,28.7,1730.31
44.1,16.7,312.297
46.6,-2.8,0.537137
45.8,-61.6,16.347
54.2,-8.7,421.506
45.3,19.6,2795.28
59.0,27.4,390.01
44.8,34.7,984.542
56.4,-5.8,521.785
60.0,35.1,14.4598
59.7,14.1,10566.6
49.9,37.5,2129.0
64.8,35.6,0.00144215
40.9,25.6,2575.79
45.3,-0.6,7681.36
58.5,31.9,17.8631
55.8,11.7,691.943
48.9,22.9,1816.61
46.0,16.9,10667.2
49.6,11.1,13828.8
47.5,-66.8,255.418
45.8,20.6,12449.6
47.0,21.3,2935.71
52.6,28.8,1806.67
43.7,-0.7,3873.36
63.1,24.3,147.493
52.4,38.0,1959.49
63.2,9.5,110.731
64.0,38.7,4.28368
68.5,29.4,10.3126
46.8,7.7,3809.12
53.9,8.5,199.799
66.9,33.7,1.42789
44.5,27.5,7932.44
50.0,6.4,5164.24
53.7,-9.9,440.518
52.2,36.3,1204.1
52.3,16.7,13149.7
65.3,-14.9,31.128
56.9,-4.9,4.50117
47.1,-69.2,407.815
60.4,37.7,1.58655
47.8,11.3,5001.24
51.4,15.7,102.799
52.8,37.3,1089.99
60.0,17.6,4056.06
40.8,36.7,560.456
54.1,19.8,3030.49
41.5,-7.9,2142.46
46.9,13.4,1212.86
46.9,11.1,36.4148
58.2,-4.8,316.743
42.9,1.7,1791.55
46.6,39.0,983.04
45.6,18.2,5128.33
56.2,8.4,1027.04
54.8,35.2,199.404
53.8,16.3,2057.66
50.3,-66.5,0.228561
52.1,9.6,8677.97
47.1,23.3,3963.07
58.2,20.4,1.57284
40.4,24.0,0.452367
51.4,19.6,23796.9
50.4,29.1,1646.26
54.5,-7.5,2540.97
48.5,-66.7,6.55145
49.2,36.1,2044.54
48.4,7.2,13524.9
49.9,13.5,8289.01
50.2,15.4,11921.9
48.6,19.4,199.354
44.0,18.7,302.643
45.9,-62.9,315.16
56.0,39.3,14.5962
54.9,26.4,122.958
50.4,35.6,1826.45
47.7,1.9,4668.09
55.1,-6.8,4066.59
50.1,3.6,12108.1
62.6,29.9,7098.95
47.1,32.1,1960.77
55.2,35.1,85.3177
46.7,31.3,1708.38
40.1,-6.8,3391.8
45.2,-69.1,1181.73
64.0,29.5,364.169
51.1,3.2,26409.3
50.6,26.7,2180.05
41.3,-1.5,504.659
45.8,3.2,16610.2
48.7,23.2,805.406
64.3,26.4,56.0083
57.1,26.2,680.354
62.9,24.9,569.246
48.1,4.6,4017.78
68.3,17.3,630.622
40.8,9.5,2568.23
46.7,32.4,2607.29
44.4,11.4,20879.9
55.5,39.6,971.011
48.1,-3.7,4829.87
50.3,21.6,1039.58
61.9,24.5,1433.76
65.4,-23.3,27.6538
48.5,-69.4,8.71413
65.7,31.1,141.52
67.6,29.0,16.696
60.0,20.5,3.55791
53.0,16.8,2797.36
49.5,19.8,6465.79
40.3,-0.9,271.617
56.7,39.7,341.157
50.0,2.0,12764.5
48.4,39.4,2144.63
55.4,-2.0,856.548
63.3,9.4,232.041
66.5,26.5,41.9853
48.7,4.0,3396.48
61.5,37.6,23.9854
55.1,-7.5,2171.13
59.5,14.1,234.577
60.7,38.2,32.3658
59.8,34.2,10.2359
41.3,1.4,598.504
51.3,12.3,216263.0
43.5,17.6,482.234
59.7,20.5,9.91993
40.7,0.8,1609.36
51.2,6.7,76836.5
40.6,17.4,4101.42
40.5,8.1,148.953
51.1,15.4,5348.03
52.0,13.8,2374.88
65.7,-20.9,0.00242523
45.3,7.4,2729.4
56.4,-3.4,2668.89
59.4,39.7,224.798
55.1,9.6,448.701
60.6,25.2,12059.9
50.6,25.3,3776.95
69.4,31.1,6.34619
47.0,38.7,0.650957
41.1,28.2,8175.51
46.8,21.6,9970.03
51.2,-2.5,13155.2
55.1,29.8,1588.4
53.2,29.5,2046.96
40.9,8.6,2208.54
54.8,34.9,62.034
65.7,21.5,679.26
68.8,26.9,148.836
48.8,34.9,1905.86
64.7,35.7,2.92746e-06
47.7,5.9,2887.52
54.4,20.3,527.986
57.6,31.4,128.319
54.2,25.3,3192.61
44.8,38.5,3835.87
44.3,20.6,12316.8
44.6,1.2,3282.24
67.4,33.4,39.8223
43.0,25.3,4179.11
40.3,-69.2,9.20887
54.8,-3.9,1039.14
40.0,28.5,6641.49
57.0,39.3,627.117
47.8,37.6,3683.68
63.1,32.3,79.01
60.4,13.4,17.2023
58.5,35.6,87.1393
47.6,-69.1,439.731
51.5,4.0,7326.56
52.0,-7.7,2205.58
66.6,27.8,10.435
57.3,34.5,23.3062
64.8,-22.8,103.886
50.7,33.9,1702.25
41.3,23.3,3989.64
43.0,24.8,2008.27
47.5,14.9,5465.28
51.5,5.0,14012.9
53.1,-1.4,21052.1
58.7,26.2,1148.81
44.5,16.3,1048.83
62.7,8.5,329.156
52.9,37.2,1210.34
50.3,7.7,17031.9
64.9,11.8,354.645
52.0,37.9,1467.97
54.0,23.3,2288.51
47.1,37.4,3935.28
50.9,5.4,31324.2
57.4,14.1,9968.37
67.5,30.3,236.051
46.5,10.3,160.325
55.5,13.6,4333.83
58.6,31.3,1403.89
53.1,35.3,1824.84
61.5,21.5,15895.2
68.4,15.1,205.587
47.5,25.6,7260.04
46.0,16.4,8728.7
65.5,27.0,25.428
69.4,28.3,53.3089
49.1,15.0,15628.7
50.3,-66.8,8.05285
65.4,-19.4,41.7261
51.4,28.0,126.582
46.4,-68.3,504.777
42.3,25.4,4089.62
49.9,9.6,6396.46
52.6,-8.7,21823.3
66.8,14.9,0.446414
41.2,34.8,2617.03
64.3,19.9,19.2799
56.3,10.6,3347.53
60.5,36.4,26.0665
51.5,34.7,2613.68
48.0,0.1,30280.8
46.0,12.8,16202.7
53.4,7.5,12399.4
42.7,1.2,291.314
51.9,17.4,11829.9
52.2,-4.1,1232.58
46.0,12.6,13074.1
48.2,-3.8,3362.49
53.5,19.5,10816.3
60.8,37.0,24.4328
49.2,-68.4,15.2719
51.5,5.7,9233.02
64.5,16.7,168.658
49.5,6.0,52113.3
42.3,13.9,11441.0
41.7,-5.0,845.396
45.2,36.0,2902.37
50.1,34.6,2050.75
53.8,7.7,0.466338
45.2,1.2,1878.35
46.3,-60.3,119.408
60.9,14.9,371.445
55.5,38.9,1032.77
46.0,-65.1,7753.83
52.8,39.6,1361.46
55.5,39.1,1000.85
50.0,24.3,2559.53
53.9,9.6,8626.41
46.4,38.4,1942.77
55.7,30.5,388.431
45.7,12.4,27291.3
43.1,12.2,11526.5
48.2,-69.7,462.683
45.6,2.9,4345.01
48.3,23.5,304.232
42.3,1.7,2181.35
58.7,20.6,5.55592
55.3,38.0,942.636
49.2,5.6,8616.48
52.1,8.0,12920.9
52.4,22.3,3379.49
55.7,13.5,8734.96
43.8,22.5,5271.2
57.8,37.1,329.524
48.6,8.6,12421.2
42.0,20.4,7711.7
53.5,17.7,4273.19
55.7,38.5,1514.35
45.8,21.9,6034.59
55.5,23.9,3418.1
51.9,32.3,1621.62
66.1,32.8,0.951928
50.8,4.2,106523.0
49.3,16.0,10595.1
66.4,-15.1,0.00040884
47.6,-59.4,16.5462
57.5,29.8,148.076
56.9,29.8,297.818
45.6,5.0,35587.7
47.7,1.7,2482.71
54.0,33.5,783.687
52.4,33.6,8.91457
42.5,22.7,835.864
51.5,32.2,2092.69
56.3,36.0,31.3393
50.7,-56.2,57.5217
50.7,30.0,1459.94
59.4,32.6,0.793273
41.6,2.4,26914.7
42.8,13.8,22854.9
42.4,22.0,1432.21
59.4,12.1,1902.17
47.1,36.8,1993.04
42.0,24.5,6463.95
65.0,17.7,22.563
43.7,-3.9,1.45174
42.2,2.2,4015.53
45.0,26.9,8932.84
67.4,32.0,1.58655
65.7,22.9,85.0827
43.2,-5.8,77971.9
50.7,13.3,4730.57
59.5,29.0,33.4446
43.9,7.9,9491.69
59.7,6.8,13.4789
44.6,5.3,1194.58
53.1,14.9,5713.48
60.4,33.1,152.295
51.9,9.5,8417.72
46.8,36.5,2909.86
40.6,8.4,4805.05
51.8,-5.5,11.3299
48.8,18.4,1973.9
55.3,25.9,1191.06
64.5,19.4,15.8814
58.0,35.8,65.9694
57.3,21.9,1013.43
45.8,-63.5,910.383
62.0,5.0,191.293
58.7,25.6,339.093
44.6,6.3,941.834
42.5,24.2,1833.94
41.9,9.0,554.053
45.3,-64.3,85.7186
44.1,19.6,1600.75
65.2,18.6,682.479
41.4,35.2,2714.95
61.3,27.8,41.2991
40.3,28.5,3469.49
62.5,26.5,3259.89
64.3,-17.2,0.0388564
45.5,37.4,0.0162723
56.2,14.7,5000.81
58.8,35.7,31.8672
57.3,28.2,235.073
47.8,6.9,5767.28
53.1,-2.0,1203.65
69.2,16.9,34.0521
40.7,25.7,0.410684
49.8,25.7,3038.36
52.7,35.1,1342.1
65.1,-16.2,1.40885
52.9,-3.3,542.891
43.0,12.3,39395.1
59.3,26.4,5703.02
50.7,8.1,10184.6
45.3,-0.3,3494.37
52.3,6.7,9482.97
46.6,-1.5,26545.3
47.2,10.1,3815.87
62.6,13.2,231.948
63.1,24.0,2726.97
47.9,1.5,4966.01
53.3,-2.5,11685.4
47.6,4.4,1937.64
52.6,20.7,5433.19
64.9,17.8,54.3564
49.2,29.6,2263.03
48.5,35.5,1347.87
42.4,26.5,17164.2
52.6,32.2,708.067
44.3,5.1,4899.68
64.5,-14.2,0.0180959
40.8,36.2,3047.84
51.3,29.0,327.187
48.6,20.7,1425.08
46.7,-69.9,193.944
42.8,25.3,19437.8
49.0,4.2,6740.35
44.4,-66.5,23.5537
48.9,25.0,3960.94
59.8,11.9,310.22
59.3,35.1,73.1398
67.5,28.5,23.9144
48.4,34.6,10047.5
56.3,9.4,7267.19
57.4,26.9,1907.75
44.8,28.2,2568.75
42.7,26.7,7839.77
55.1,12.0,10617.7
57.8,26.5,7092.29
60.8,23.4,7440.74
54.0,34.6,257.029
44.0,-68.7,447.742
58.4,-6.5,369.758
41.9,26.6,6541.02
67.3,14.9,180.192
64.2,10.9,379.643
56.7,36.4,44.5128
50.2,9.7,3323.57
64.5,26.5,26.3773
69.3,34.4,0.00252098
46.5,25.8,1676.24
47.8,30.2,4615.01
50.3,-62.8,254.712
40.7,15.5,7597.47
56.0,27.3,721.602
48.7,29.8,2479.8
52.3,15.8,4003.9
65.7,13.8,56.6259
51.0,18.0,5916.84
45.1,37.7,2345.15
63.1,7.7,5671.33
51.9,36.2,1668.11
52.3,1.0,4756.98
57.4,-5.9,170.315
53.6,16.6,2695.98
53.7,28.3,1643.49
44.0,0.7,3556.78
50.5,16.8,12652.1
41.6,2.0,15748.0
50.7,30.5,579.342
53.6,37.9,957.794
56.7,21.1,1443.34
46.4,34.7,2020.54
43.5,3.2,2308.88
59.5,27.9,0.0129554
58.6,11.2,2662.07
49.2,-57.5,647.418
43.4,-6.1,2713.86
51.6,39.3,5845.28
47.3,14.1,880.835
42.4,-5.6,4051.76
43.3,2.2,3873.86
45.0,2.0,1828.92
57.5,18.7,577.938
54.3,-2.7,2008.48
51.8,25.8,1098.66
51.8,1.2,5097.16
48.7,5.2,7298.47
55.2,-3.0,214.413
47.3,18.7,12713.4
53.3,36.0,1351.99
48.0,-53.1,1247.57
53.6,16.9,3208.49
65.7,-17.4,8.66924
60.7,33.4,143.815
54.1,38.8,1082.48
40.2,-7.3,1082.65
40.5,-69.4,16.6878
49.7,-56.5,1.12788
50.7,25.2,6236.1
46.1,27.6,8369.9
58.6,-5.1,34.6562
40.4,1.8,0.579443
40.0,-0.4,1561.34
43.1,-7.9,3245.39
57.1,39.7,102.214
68.7,16.1,716.942
59.6,29.9,549.999
47.7,37.0,2409.03
62.6,23.4,299.254
53.8,11.4,16615.4
44.8,21.3,7896.89
54.0,-7.7,553.096
59.4,7.3,130.681
40.2,29.0,133499.0
46.1,5.9,13666.5
52.5,-8.8,2137.33
52.1,24.3,8254.78
46.9,2.4,7964.93
52.6,11.9,166239.0
49.2,39.0,2027.15
54.0,24.7,4152.63
49.9,-67.5,1.0705
40.4,24.1,0.433777
44.0,1.9,4253.46
43.4,-0.1,2028.17
59.4,24.0,4.01928
68.8,26.5,31.6465
40.8,0.7,7351.37
40.0,28.8,1306.75
40.9,14.2,16867.3
57.5,39.1,0.793273
48.3,37.8,7568.02
48.7,8.9,32859.6
47.4,13.7,5015.61
48.6,21.5,3845.1
47.0,-55.2,2508.43
50.7,32.5,1811.09
45.5,2.3,5241.08
58.8,34.5,399.043
40.8,30.6,9011.75
45.8,3.7,6424.8
53.3,-60.3,1215.91
50.6,2.8,30315.3
58.4,37.1,358.647
40.3,0.0,1297.78
43.4,5.6,13917.1
50.6,16.0,2762.22
55.2,26.5,608.032
46.5,39.1,2155.53
55.5,11.0,134.236
41.4,35.5,7281.33
52.0,4.4,17586.8
65.2,-21.9,11.7784
40.9,18.3,0.378301
69.2,23.7,392.092
51.5,-0.6,20407.5
48.9,-0.2,4992.24
56.7,20.9,0.311189
67.4,33.3,10.1539
66.6,27.1,4.174
41.3,25.3,8784.85
51.0,0.5,9081.49
54.4,22.3,563.814
45.2,9.7,16117.3
57.1,14.8,299.557
43.2,2.8,12571.6
42.4,9.0,137.448
57.9,20.1,11.9513
54.8,9.7,3196.88
54.3,20.8,1374.57
41.9,-0.9,459.578
59.3,18.6,2768.21
46.4,-64.7,1587.05
68.9,15.8,8.76525
53.0,31.0,0.0075319
44.1,9.7,12913.6
57.8,-8.6,5.33173
65.3,28.6,58.2305
60.7,30.2,22.7338
61.2,32.4,1.42789
41.2,0.7,1327.86
59.6,23.9,8.17413
68.3,18.8,91.1489
54.5,30.4,33749.6
58.7,34.9,105.188
43.3,27.3,6902.06
57.9,-6.6,5.33173
52.7,20.5,3678.28
44.1,10.8,2967.27
50.0,2.6,6058.57
42.0,-3.9,935.667
53.4,39.9,896.39
46.3,18.0,7126.17
46.6,10.1,352.018
44.2,-66.9,26.3725
47.8,9.3,5918.74
40.7,-7.2,2843.64
54.2,17.5,1579.88
50.6,-2.7,1199.11
58.9,17.0,769.993
50.3,13.3,127138.0
45.6,21.8,10646.0
56.1,27.4,1589.15
64.5,37.6,10.1539
51.3,11.2,8991.25
45.8,-4.2,0.415141
66.2,22.1,640.088
60.2,8.9,840.346
47.6,19.9,9913.52
47.8,-65.0,362.048
60.6,9.0,261.192
63.5,9.6,40.4368
65.3,-15.3,2.14342
68.8,33.3,4.91829
49.5,-55.8,537.993
52.6,39.9,1375.09
47.3,12.8,15768.1
48.4,-65.0,0.808004
47.7,8.2,3395.51
54.2,37.0,1071.85
46.5,20.1,6829.99
42.3,23.6,758.776
52.7,38.1,1349.22
50.1,21.6,4821.04
58.1,14.5,3515.77
43.4,-5.2,1781.68
47.5,7.8,20022.8
42.3,22.1,845.328
40.2,26.7,145.064
66.9,28.9,573.106
58.3,7.0,704.1
66.8,13.5,247.587
64.8,36.5,0.00769423
54.7,9.9,2940.07
48.9,31.5,2093.83
55.5,32.4,510.046
40.3,29.2,2926.49
44.7,-67.6,1129.9
55.0,31.2,112.107
68.6,27.5,16358.1
40.9,15.6,17152.6
49.6,23.2,3191.71
52.8,22.9,1850.65
41.6,32.8,100.901
65.4,34.5,0.00717369
48.8,33.8,1752.76
66.0,37.1,0.000275832
53.1,18.2,5233.8
45.4,6.1,77805.2
46.2,26.2,57.6199
54.2,38.2,1112.36
54.9,12.4,1653.18
55.4,-2.4,270.016
44.6,17.4,401.797
64.8,28.2,188.991
62.2,22.7,373.587
45.2,-67.3,4200.18
57.3,35.5,322.521
43.2,19.0,239.541
61.5,25.0,143.565
59.8,5.9,343.697
53.0,39.0,1509.09
58.9,26.4,207.238
41.8,22.4,8436.92
48.3,17.2,3540.55
48.4,11.8,10944.0
41.3,27.4,9319.21
57.5,14.6,2237.41
47.6,30.9,2821.07
57.0,-4.6,7.33113
41.1,26.7,10309.9
40.6,18.8,0.603581
60.9,30.4,2.06251
51.8,-0.6,14165.6
45.9,-0.7,4068.97
60.1,22.4,208.601
53.7,-6.3,3950.12
41.3,15.4,6019.41
56.0,9.7,5591.8
52.8,15.4,1992.47
44.5,25.2,13906.8
43.2,28.0,5611.32
49.4,24.2,3155.4
61.2,12.2,1207.97
41.1,16.1,1822.79
64.5,25.7,400.552
54.8,26.6,1659.77
47.6,-68.0,16.5444
46.5,33.4,2557.26
65.6,21.5,607.951
55.6,21.1,28700.9
47.3,27.8,9661.6
60.9,15.8,11.2785
63.7,-21.2,0.0424122
51.5,37.4,1400.12
50.6,39.3,1606.12
41.4,-7.3,2997.3
51.1,-1.7,3171.67
51.3,24.9,1313.35
53.7,19.4,460.184
50.8,26.7,1425.58
46.4,2.8,3885.19
48.8,-69.6,3.03104
46.8,6.9,10988.4
60.4,5.5,2143.58
48.4,39.0,5956.15
49.2,19.0,1387.56
52.4,36.0,1186.11
42.5,8.9,1616.71
49.4,-57.6,0.252447
52.6,29.5,969.947
66.5,21.2,494.239
40.6,-4.7,20248.5
65.2,28.0,47.6893
43.0,12.2,14567.3
53.7,-1.8,18443.2
48.2,5.4,2707.03
51.9,29.8,380.6
47.5,33.0,1459.7
60.8,-0.9,66.5172
64.1,36.7,0.0010579
65.6,29.0,18.7789
43.9,21.7,385.117
64.8,12.4,397.823
52.9,33.6,283.383
48.6,-57.9,0.00844909
52.7,12.2,1300.41
47.6,3.4,4254.69
48.5,17.6,4934.11
47.5,-53.5,139.927
48.3,17.7,6260.3
60.3,27.7,0.00518941
46.1,4.4,3795.81
64.2,19.9,556.419
57.0,10.0,29916.0
47.3,28.5,11835.2
66.2,39.9,0.00576374
44.4,-66.1,1089.41
52.7,-4.2,386.216
58.6,8.2,811.292
61.5,5.0,3372.92
40.8,8.9,2084.68
46.0,-60.6,397.097
60.5,15.0,1931.94
52.6,13.0,4672.61
52.0,14.2,1778.56
50.0,34.6,2280.7
52.5,25.7,291.145
47.9,3.3,10246.4
43.5,28.5,3493.31
46.8,-53.2,0.202778
51.4,-56.5,267.344
47.1,20.1,32854.9
44.7,37.4,585.69
45.4,9.8,15125.4
50.3,33.6,1756.92
49.1,13.5,4131.22
53.6,22.2,1827.49
57.0,25.8,5709.86
63.3,18.8,1470.38
50.2,28.0,880.086
49.6,37.8,1729.35
49.8,21.4,7160.01
47.6,19.8,5976.48
42.5,-9.1,4893.86
52.2,18.5,4084.08
49.8,16.0,12036.6
55.5,-2.7,4107.4
54.0,16.1,2005.47
50.3,10.5,5657.7
58.9,7.8,36.1803
55.6,35.1,103.226
51.6,22.2,3621.53
48.1,22.7,6505.24
64.3,17.7,478.87
48.5,-54.4,0.143635
56.5,14.7,885.304
52.2,39.8,1501.64
48.2,13.0,20323.0
42.3,-8.2,5998.71
50.3,-65.3,295.648
45.5,-63.1,55.8228
51.7,4.7,4922.37
48.6,26.0,5416.26
62.6,9.8,1200.25
61.9,25.1,127999.0
47.7,-65.7,208.524
65.0,35.3,0.00100097
46.4,-1.7,7663.54
40.1,28.2,10112.9
52.8,-7.9,888.892
56.8,30.5,1.26924
50.7,37.5,1888.85
56.1,-4.7,145.141
48.0,30.3,2994.2
44.8,22.9,13850.8
48.8,34.2,1735.52
52.2,18.9,6015.69
40.4,-6.4,108.764
41.0,33.0,2639.55
47.9,39.5,1842.6
62.8,11.8,668.596
48.5,33.3,1803.32
60.6,36.7,69.3026
63.1,21.8,4501.74
60.6,29.5,127.507
43.0,-1.7,596.472
46.7,16.1,8327.91
42.3,0.1,1086.01
47.5,27.9,2652.38
51.6,-1.4,8893.41
56.1,13.9,2857.57
65.0,27.7,363.592
66.0,20.0,120.282
50.9,12.8,16758.9
46.0,17.7,9286.61
49.2,-68.7,8.42948
45.4,-63.2,1810.99
53.1,26.4,2146.02
63.7,27.6,77.1068
59.3,14.4,15182.2
54.2,32.1,669.632
41.9,15.5,161.883
53.2,-6.9,2367.98
47.7,39.8,3325.43
43.5,20.0,3494.08
61.0,22.1,1294.45
53.7,18.6,7395.45
58.0,33.5,105.188
40.8,-7.9,2350.51
40.2,30.3,5417.52
62.4,8.4,26.2485
42.7,1.1,303.565
59.2,35.6,40.4479
65.1,30.5,0.951928
40.4,15.7,4372.21
45.0,23.4,6063.74
47.7,-1.5,7027.07
46.2,16.0,12714.7
61.5,38.6,164.405
50.6,10.3,9070.99
52.9,39.2,1308.95
50.2,-68.0,1.45664
67.3,14.8,420.314
48.0,6.6,9490.37
44.6,21.1,31102.6
40.0,18.6,0.697732
69.4,30.0,347.929
49.2,-68.1,142490.0
69.4,25.2,436.432
51.7,11.8,6468.58
51.7,-2.8,2447.43
54.0,-1.2,3497.15
48.5,-1.0,2930.42
49.1,39.7,1794.87
55.5,39.5,1980.71
50.7,35.5,1600.72
47.6,13.3,50.9029
45.0,-3.7,0.458475
47.6,20.0,6371.96
61.8,24.0,239.933
50.4,34.4,2615.85
56.6,39.6,909.936
57.7,22.4,98.0066
47.4,15.6,4679.13
60.3,37.8,15.7068
51.2,12.1,9790.27
54.2,-8.1,57.1652
57.5,35.5,208.401
61.7,5.8,471.163
44.4,25.0,7831.01
52.8,26.9,214.612
52.7,35.6,1140.01
45.9,19.2,1729.23
49.7,19.2,8607.9
55.3,25.6,2007.88
55.9,27.3,1993.63
49.9,-68.9,0.120288
59.5,20.8,2.90414
54.7,31.6,536.851
44.4,-4.9,0.57846
63.0,13.9,183.311
66.3,22.1,248.037
49.6,9.0,6063.42
60.8,15.8,45.1261
47.1,-69.7,51.0546
60.7,28.6,1297.46
42.8,21.5,7381.58
52.9,24.5,1858.84
43.5,-65.6,1285.59
48.4,6.5,4121.92
61.9,24.4,857.367
50.6,36.0,1485.69
46.3,13.3,1565.61
51.8,8.9,8325.61
52.8,31.7,599.998
52.0,4.7,13687.6
50.2,22.6,3053.33
43.3,6.1,14818.2
57.2,30.6,30.9009
49.5,-57.4,0.0253473
46.0,29.2,2594.68
56.4,39.5,1191.65
61.3,39.3,31.573
62.0,27.6,90.2738
52.8,-8.3,3390.65
65.7,21.1,90.1018
65.0,39.7,0.00051198
50.4,20.5,7421.48
57.4,22.6,791.997
43.3,24.8,6718.73
49.9,4.5,4064.52
58.4,26.9,1732.93
51.8,-0.9,8540.46
67.6,24.5,345.938
42.5,-4.6,619.662
58.0,30.7,467.382
61.0,28.7,12320.4
49.7,18.3,44450.1
48.2,-4.4,4211.93
54.2,35.4,1071.79
56.6,12.9,37269.6
51.1,28.4,840.346
58.2,29.2,18.1747
58.5,39.5,30.8979
40.7,-5.4,815.697
46.7,-69.7,242.91
52.6,27.6,347.798
48.0,-65.3,4641.24
54.1,-6.6,3441.99
56.4,-4.6,27.3251
53.1,28.2,228.146
46.8,16.0,8342.43
53.6,-3.1,3326.73
58.0,23.9,15.7797
47.5,12.4,16260.3
53.9,-1.8,6876.5
53.9,-6.2,103.082
58.3,28.8,47.1059
48.2,-69.9,1369.79
46.2,21.4,6058.94
51.1,6.9,40112.5
51.0,22.5,9533.52
55.4,-1.6,155.558
53.0,27.7,1932.78
45.6,12.4,24445.1
53.6,37.7,1066.64
49.9,20.7,10772.3
57.5,29.9,378.878
60.8,36.1,6.02888
40.7,-5.5,1502.72
47.2,23.8,5036.52
42.6,12.8,1219.88
46.0,6.5,26773.9
67.4,21.9,371.426
52.2,-7.4,1328.95
46.2,31.9,11.7948
47.6,-58.7,511.911
49.1,13.3,790.889
65.9,20.5,80.3909
57.0,26.8,193.402
52.2,9.8,30342.7
44.8,20.8,22783.5
58.3,-4.3,233.511
65.3,-17.8,0.0159997
49.2,25.3,4201.78
64.1,30.1,10.4715
50.6,7.9,13325.1
49.1,7.5,18606.6
55.8,28.7,591.179
51.9,4.8,9017.64
48.2,5.6,2784.22
41.8,-5.5,3608.81
43.8,-8.7,0.404947
49.3,3.7,8035.17
65.0,36.2,0.000629079
45.5,1.9,1469.61
47.4,21.1,5020.08
54.2,33.6,310.55
47.1,2.2,5524.45
45.4,25.8,955.683
54.8,20.9,434.433
45.0,27.4,3779.17
56.9,-4.5,7.9976
53.7,17.1,2356.79
50.6,4.7,12552.6
53.4,-10.3,0.384041
44.0,2.0,3172.35
42.6,-0.7,414.845
67.4,13.1,16.8531
51.7,39.4,1834.98
46.7,7.9,2134.08
56.5,35.3,67.0403
43.4,9.9,49.365
68.9,17.1,853.991
47.4,35.0,1332.8
42.1,-2.9,446.724
48.6,-59.1,755.75
45.9,9.5,857.717
40.6,31.7,4552.1
47.6,8.8,5266.7
59.0,24.0,540.841
65.8,23.4,803.451
65.2,29.5,233.766
53.1,-9.9,9.60103
61.5,38.3,98.5963
40.6,36.1,4050.66
48.9,-55.9,29.3248
65.7,17.0,465.553
43.8,21.3,17738.2
50.6,-3.5,14557.5
55.1,38.3,1047.43
41.2,21.0,189.005
45.3,17.0,2134.92
46.6,39.8,1955.2
54.5,11.4,17.4156
50.2,14.6,13856.1
66.5,26.2,20.87
44.5,-67.3,12.6468
63.8,14.2,269.152
44.3,19.3,18446.0
49.3,36.6,2048.21
49.9,34.3,2078.05
43.6,24.1,4349.19
53.0,26.5,2229.09
44.7,14.6,196.881
42.5,25.2,3720.82
47.0,13.3,682.382
67.8,28.6,8.348
51.6,36.7,1474.31
51.8,38.3,1514.38
41.2,32.8,2959.14
60.8,28.0,788.212
60.6,9.7,606.043
64.5,-21.6,160.928
46.7,-53.4,1135.04
60.8,34.3,20.3634
53.7,30.3,2178.91
42.3,25.6,17515.6
43.0,-3.6,2259.63
60.1,18.0,1032.92
40.9,37.1,7986.58
62.4,30.6,1231.06
41.4,-4.1,987.744
48.8,0.9,8072.05
47.4,13.8,6525.07
57.3,32.2,34.5321
40.4,18.8,1.04595
54.1,38.1,1866.14
46.1,-61.5,256.038
64.3,-16.9,0.0388564
51.9,28.7,8.52544
61.5,33.5,3.01444
60.7,37.0,25.1326
47.1,17.4,9050.69
61.3,21.9,4266.33
45.2,-0.8,5272.91
40.2,26.9,390.915
64.2,12.2,786.119
57.5,27.3,272.718
47.8,4.7,1461.96
44.3,24.5,7716.68
41.0,17.4,0.356715
56.6,10.3,923.983
50.3,26.7,4131.3
52.5,-9.6,503.437
45.9,34.3,2760.64
57.0,34.6,546.996
46.4,29.7,4663.45
55.8,9.0,4834.57
47.5,6.9,11103.3
43.4,2.9,4490.99
50.2,8.3,10843.7
45.8,-1.0,10182.6
41.2,26.9,5318.64
68.9,37.4,0.00310116
60.2,10.6,2926.06
40.2,-6.5,1144.22
59.0,5.6,4342.69
48.6,17.0,4989.15
45.1,37.9,2087.64
50.4,4.5,31839.9
56.5,34.3,193.408
68.1,15.6,75.1983
63.8,9.9,131.644
44.0,9.9,17008.9
46.1,2.7,1954.69
53.2,37.5,1164.4
66.2,23.3,7.17915
50.1,39.1,1305.85
63.5,-18.7,0.00457134
45.4,4.4,36226.2
56.9,12.4,21279.3
44.0,22.1,19706.2
44.3,12.1,16961.1
58.8,39.4,114.86
53.9,17.4,1611.65
45.0,9.3,19157.3
53.1,9.9,3595.28
47.2,16.2,15264.1
48.6,29.3,2205.52
41.2,18.2,0.325727
45.0,14.1,6501.1
47.7,38.9,1292.38
52.1,9.0,9336.4
66.0,19.7,543.066
68.7,28.5,36.0678
56.4,25.4,718.928
57.2,35.9,112.53
53.3,15.7,644.488
61.7,38.6,16.7567
50.5,5.1,21002.2
43.9,2.1,31586.9
47.7,-0.7,4732.68
48.7,20.4,2356.46
60.5,37.3,28.9268
45.6,-67.4,196.213
49.8,20.1,13709.8
51.1,7.6,12159.2
59.9,11.1,8317.08
45.7,-64.6,20.6225
45.3,29.4,1.26859
43.8,16.2,4471.04
43.3,-0.8,4892.61
45.2,7.2,1803.42
46.2,-65.6,6.76726
48.6,24.7,2103.78
51.4,35.9,1450.37
40.4,29.3,4755.62
48.9,12.3,8794.73
45.3,4.2,24539.6
52.8,19.8,4672.26
51.1,-1.5,4779.08
52.3,34.2,126.558
57.4,27.3,77.1773
61.4,25.9,725.737
48.2,5.1,4338.59
60.4,11.6,1464.5
54.7,-5.8,209419.0
57.8,30.7,84.3231
58.4,23.7,851.59
64.1,23.7,1286.7
56.4,-5.9,265.889
64.1,16.0,139.028
64.9,-23.1,31.7368
47.2,31.8,1919.14
65.8,17.1,3.07678
43.8,22.1,3652.93
59.1,12.3,7.17915
53.6,0.0,754.392
44.8,6.7,606.021
52.8,14.4,3609.92
46.4,25.9,829.406
43.4,-1.9,9.85494
68.5,22.5,11.2568
43.4,3.3,13397.9
45.9,30.1,1554.89
45.7,6.1,4275.05
42.7,-2.8,1532.09
43.6,-66.8,6.73816
62.5,13.2,181.686
58.6,13.2,149.752
45.4,18.9,20734.9
59.8,39.6,54.4994
51.8,9.7,6780.76
45.9,9.1,9018.98
46.1,-65.5,0.966532
62.3,6.7,408.141
66.3,-22.6,0.000140113
57.9,28.2,164.144
49.9,37.4,2391.05
44.7,-69.9,3553.37
57.7,26.0,26142.8
51.6,24.9,5629.01
59.6,5.8,1204.56
44.0,-8.4,0.113294
50.2,-5.5,2161.69
53.8,21.7,1829.37
54.4,-2.7,1721.66
40.3,-4.5,4180.11
46.6,0.5,6221.1
48.7,6.5,4205.62
48.4,-1.9,7062.52
62.7,22.9,13354.1
57.8,27.2,1636.63
49.0,32.8,133.925
50.1,22.6,7175.38
46.9,-53.0,1219.72
67.5,20.1,58.3107
51.4,27.1,730.515
60.3,24.3,34604.9
55.0,-4.4,382.332
57.5,28.6,17.6791
45.4,12.6,199.244
59.1,24.3,5826.04
65.0,19.3,219.565
68.1,16.3,171.796
54.7,-8.9,2.17623
57.9,35.2,24.2654
53.4,37.6,982.075
46.5,-65.5,2.25575
56.3,26.8,2919.0
60.4,34.2,11.1058
62.2,26.9,312.841
66.5,24.2,102.263
53.4,24.3,1032.75
54.8,25.7,1168.54
40.5,24.6,402.423
54.5,33.8,176.999
51.5,8.3,142174.0
46.7,38.7,1687.05
52.6,28.6,328.804
64.9,35.7,0.164293
50.3,-64.6,128.223
46.3,22.4,863.193
49.2,8.9,19972.8
54.1,31.4,1030.35
58.1,30.1,166.921
50.7,18.9,59343.5
41.2,-6.9,391.911
47.5,0.7,5131.3
45.5,11.9,52684.5
49.8,35.1,2109.07
49.1,4.6,1645.65
48.4,-2.9,16029.5
57.0,28.4,144.333
51.0,35.5,1754.74
44.5,11.7,6217.82
47.3,33.6,2302.03
62.1,28.4,654.407
43.6,13.1,20358.8
48.7,-66.4,8.16661
51.7,23.3,1662.44
56.4,21.3,1443.63
43.9,1.9,9447.93
64.8,13.3,430.097
58.7,30.2,86.3081
42.0,-68.2,11.0672
44.8,23.1,7724.09
50.2,13.7,6380.36
43.3,-6.4,4410.42
52.4,31.9,66.5065
64.0,33.9,49.1829
47.1,-5.1,0.566183
50.6,19.0,7080.57
49.9,16.8,12645.3
60.1,25.8,29.218
57.0,37.7,203.776
44.9,17.4,620.649
47.3,11.2,4170.54
53.1,-2.1,4271.65
56.3,40.0,919.689
47.6,21.9,5855.79
41.4,33.1,3202.76
40.7,36.7,1073.41
52.2,30.7,603.521
62.6,25.8,159.406
57.2,29.7,74.4789
46.6,2.6,3281.76
54.0,-1.6,7224.11
46.2,2.1,1005.03
53.1,17.7,4746.98
52.0,-2.8,11524.0
41.5,15.0,2301.23
45.0,18.3,7178.65
49.3,8.1,34356.6
69.5,18.4,498.011
67.5,33.4,75065.2
53.3,25.2,2023.93
55.2,37.6,1327.16
67.2,23.3,4884.41
59.4,10.1,1571.13
50.0,5.2,3785.46
43.6,-66.0,0.16551
45.4,4.2,18770.6
45.8,18.8,2318.61
43.9,27.4,4273.03
56.6,-3.3,2873.61
51.2,6.5,44481.6
43.0,26.1,486.198
49.5,2.6,6619.81
61.0,26.9,833.233
64.7,-20.7,1.19895
50.1,14.2,27870.6
46.0,6.7,3642.95
44.9,-0.4,12258.7
47.8,7.9,5551.86
53.2,10.2,6770.79
50.2,39.2,1246.9
49.1,3.3,5144.74
55.6,13.9,2695.94
61.3,34.5,4.28368
63.6,-18.6,19.7323
46.3,3.3,6550.12
48.4,18.5,586.789
52.1,19.9,12001.9
53.9,-2.8,6781.1
53.0,38.2,1177.85
55.1,22.6,1803.01
62.5,26.8,92.3644
41.7,-4.7,9767.69
56.4,-4.5,39.3215
63.9,28.7,38.254
50.3,12.6,962.793
51.3,9.0,7222.19
51.3,16.3,4465.38
57.6,-4.9,239.723
60.0,33.0,31.8493
42.9,-4.4,184.847
49.8,13.1,6519.84
65.6,-14.5,77.086
51.7,25.5,2173.19
53.7,-2.4,12410.7
62.5,36.6,41.5565
51.6,36.8,1454.66
58.3,39.2,139.656
45.1,25.3,9021.6
54.6,30.9,1186.77
43.3,27.7,4006.63
50.0,8.0,14255.5
60.1,11.6,704.717
54.8,-2.4,780.089
53.8,-0.3,4367.33
45.8,6.4,2137.22
47.2,3.4,1922.39
66.1,39.4,0.00329979
41.0,16.2,863.898
43.6,15.9,16879.8
61.8,12.5,1028.3
44.7,15.9,2151.6
52.0,5.6,17287.1
56.3,30.4,1091.4
43.4,-66.0,10.0734
47.6,29.8,1750.56
54.4,30.9,1171.87
54.7,9.4,21183.4
44.1,39.8,36.4906
54.7,32.9,108.864
63.3,24.8,117.655
50.5,10.3,8378.41
52.1,14.5,5181.47
64.4,-15.6,0.0388564
59.2,13.1,163.93
56.7,34.3,449.149
46.4,-64.1,1806.89
51.2,39.4,1400.72
59.1,18.6,18.4607
52.0,5.0,19220.5
54.4,26.8,3664.36
63.0,25.8,14139.2
43.8,0.5,2504.16
59.9,5.5,1247.25
54.9,24.5,1794.28
64.2,36.7,4.78152e-05
60.2,5.6,1344.87
69.2,27.8,94.9239
57.9,35.4,29.232
60.8,34.5,3.17309
55.9,32.4,73.8729
42.0,-5.7,7365.67
55.4,9.6,2299.97
42.2,2.6,2850.85
46.5,-63.5,25.9412
55.8,23.9,3820.78
49.5,33.9,2094.53
42.0,33.2,24.9455
62.3,11.1,320.663
63.3,11.8,304.02
55.3,25.5,1627.74
49.9,15.5,6716.94
47.5,36.2,2178.64
49.5,36.8,2325.96
59.8,38.5,44.137
49.6,-58.0,49.0339
54.7,14.9,13.628
40.6,25.2,0.440765
41.6,2.3,30042.9
60.8,24.8,1950.03
61.8,10.1,303.644
46.0,-62.5,396.008
46.2,29.8,2101.52
55.1,14.7,12440.4
40.9,33.5,2215.47
44.4,25.3,9566.78
52.4,39.1,978.055
64.4,19.8,157.307
53.9,28.1,2028.86
49.1,0.8,6894.3
60.0,24.0,2658140.0
47.2,8.6,22022.1
42.4,-6.4,366.399
45.1,0.9,4203.6
49.2,14.1,11556.3
45.3,-69.3,291.008
63.2,21.6,192.257
48.2,15.8,11997.2
63.2,23.9,619.439
57.9,30.7,790.078
45.8,27.8,6626.38
52.4,13.1,31527.5
52.3,38.4,1400.64
40.3,18.8,1.25367
54.5,37.8,1305.69
60.2,29.7,520.676
45.5,16.2,9288.54
67.9,15.6,350.216
45.5,38.9,3281.22
50.7,6.2,34792.8
48.4,-2.0,66328.4
53.9,30.9,456.067
56.2,26.6,1342.1
46.1,33.3,2626.88
53.3,34.1,577.402
43.1,3.1,5212.58
69.2,22.4,101.517
44.3,-5.0,0.574109
42.8,13.6,23109.7
53.7,-7.2,1045.14
51.4,-3.2,9663.66
53.8,11.0,3973.18
51.6,10.1,13265.2
68.3,24.1,278.298
47.9,7.6,18014.8
59.4,24.5,35475.9
47.7,34.0,1460.59
61.8,34.3,1781.82
49.6,9.2,9973.66
47.6,5.8,2042.94
59.2,15.6,405.155
47.2,16.3,12501.2
55.2,23.7,1547.84
53.9,19.0,10393.4
61.6,11.8,175.382
64.1,12.0,399.915
53.8,15.0,2423.15
42.2,-5.6,5819.62
50.6,22.2,2253.63
64.9,34.7,501.257
52.9,34.4,321.654
68.3,16.6,244.048
64.3,19.5,1183.03
45.5,19.9,8646.67
41.6,23.7,6398.34
63.6,26.7,396.989
58.1,39.2,25.0123
62.3,37.7,20.5533
44.6,-65.2,5.06494
48.4,24.4,81.7772
46.7,17.6,8492.97
52.5,34.3,83.778
50.0,8.4,40247.6
56.6,-3.6,22.6599
54.8,11.1,14733.4
52.0,39.8,1418.91
59.9,7.1,31.2144
46.7,-53.2,290.498
60.8,23.7,4945.95
42.6,-0.4,1001.12
52.8,17.2,7124.65
63.4,15.6,322.229
53.2,7.0,3743.02
48.2,-66.5,18.042
45.2,0.7,8712.93
68.8,31.8,0.475964
46.7,23.1,1794.84
41.0,33.6,256.843
41.2,13.9,16740.3
48.6,0.5,3652.24
63.8,14.9,401.394
55.4,31.5,125.271
43.5,2.8,2337.58
47.2,-69.5,78.2871
67.4,23.3,798.906
50.9,33.9,3200.93
53.3,8.7,3709.66
54.5,13.7,0.139901
41.2,27.4,6320.05
55.2,11.3,6389.61
45.7,26.6,1472.41
50.2,11.0,19372.5
69.1,33.5,296.146
47.6,38.4,1861.98
46.3,4.5,2900.91
45.7,10.9,7129.53
45.5,16.5,8505.34
46.2,4.5,3698.42
46.0,21.4,6956.15
63.6,19.2,573.97
54.7,35.0,81.0216
57.3,30.4,126.445
65.8,23.2,987.493
62.0,28.2,2819.71
44.8,-64.8,2.25575
51.6,18.2,3884.54
43.3,23.5,6197.15
46.5,-66.5,160.462
51.2,17.9,8541.44
44.3,24.8,4761.76
45.4,24.0,8.88014
43.9,-69.8,2727.56
40.9,16.1,1137.65
46.4,-3.0,0.562922
48.7,34.2,1649.16
43.7,0.8,5541.07
48.0,26.5,5444.39
55.7,28.0,1513.15
61.9,5.7,617.37
50.0,40.0,1354.44
59.8,16.2,410.0
45.6,8.8,34697.0
51.4,22.7,2768.09
44.6,23.2,5942.23
57.1,15.7,1613.02
49.5,31.6,986.725
47.6,30.5,1852.75
40.9,35.6,13008.0
42.1,1.6,391.889
55.3,-2.4,93.9484
42.2,-2.6,180.021
54.8,9.2,3080.51
43.3,-8.6,4545.84
51.9,25.3,1227.89
43.4,0.1,3054.04
56.1,21.1,2885.7
64.0,11.1,415.34
40.3,-0.7,372.347
65.2,17.6,17.4351
64.3,36.8,0.000362029
58.0,-5.4,128.107
63.1,27.2,1655.38
40.4,17.7,8006.05
60.5,7.6,2.12825
65.6,13.9,329.643
52.2,29.7,694.138
48.8,27.5,2530.28
62.9,10.5,735.936
42.3,27.3,3505.77
41.2,21.6,139.096
64.6,-14.5,0.113352
40.3,15.5,13063.8
62.3,30.0,386.277
45.6,10.5,14544.8
56.0,-4.6,1827.68
57.6,35.2,49.8884
51.5,38.7,1583.28
45.8,24.2,2242.79
64.6,26.1,101.825
43.0,-6.6,1054.77
61.8,7.3,48.2404
49.5,14.4,4568.56
50.4,8.6,20861.5
68.5,19.3,112.797
65.2,21.6,1009.6
44.5,19.2,48196.8
62.2,21.4,2529.46
50.3,20.3,7032.88
43.2,0.9,3119.99
49.1,37.7,1808.45
64.6,36.6,0.00181535
65.3,14.2,120.439
53.8,31.0,671.659
47.4,12.9,3612.55
49.3,26.4,3203.67
51.2,39.8,1033.79
44.3,-65.1,1084.08
61.6,8.0,301.713
48.4,17.5,5165.34
59.9,32.6,3.4904
51.4,34.8,1550.83
49.3,35.9,2269.0
51.3,37.8,4264.72
41.5,32.8,437.931
43.3,17.6,7617.67
52.0,31.0,98.8427
44.8,19.3,8424.06
50.0,35.2,1531.96
49.5,39.7,1287.02
65.1,-17.7,4.21518
64.6,17.0,416.413
44.0,28.6,2084.04
49.4,20.4,5973.43
48.7,2.9,10081.2
52.0,38.5,1456.09
41.6,34.5,472.523
47.9,33.0,1581.93
40.6,-7.5,4185.37
66.9,21.5,1216.48
51.1,29.4,1504.7
57.5,33.2,13.7316
58.3,7.1,143.451
63.3,14.8,1376230.0
54.0,23.9,3785.28
47.6,-65.6,886.327
44.6,28.3,3440.55
48.8,25.1,3246.27
64.4,26.7,638.989
51.3,9.5,181334.0
53.6,36.8,1135.01
44.5,-69.3,2179.11
46.6,33.2,3365.44
63.6,14.7,7.75669
45.2,-3.8,0.204521
46.9,5.0,4921.46
64.8,-20.7,6.99989
46.4,28.9,6815.29
47.2,6.3,2645.18
45.9,-61.6,543.346
65.3,-22.7,0.00446195
68.7,32.5,2.22117
49.2,17.2,12285.1
48.6,6.3,100590.0
44.8,16.9,1936.1
53.4,6.2,928.684
49.1,31.9,4619.03
48.1,27.8,10008.8
43.9,23.8,10391.6
67.4,30.0,1.58655
45.9,-68.6,255.419
64.6,13.1,471.417
52.1,29.1,722.723
57.8,36.3,40.3803
53.7,14.8,2334.01
56.8,12.9,5849.45
63.4,27.8,1009.76
46.6,7.6,14582.0
48.9,5.4,2436.79
58.4,25.6,1979.86
49.5,24.2,2352.05
44.7,-65.0,220.044
55.1,31.4,57.9286
53.3,11.4,4195.97
60.9,14.7,1156.08
45.4,6.0,17616.8
64.2,16.3,605.185
58.4,30.3,43.4714
48.2,21.7,5966.55
42.7,10.1,2388.05
49.0,-69.9,1.20688
44.9,24.7,8633.36
44.3,-69.2,2156.32
64.9,10.8,140.172
45.3,6.6,144.206
50.7,6.9,31961.8
40.7,8.2,2226.12
41.4,16.8,0.236556
50.8,3.1,33613.6
61.5,22.3,407.235
49.6,-57.0,0.0168982
45.2,5.9,15264.2
58.4,33.7,229.309
44.0,26.5,964.705
47.5,31.0,1465.98
58.8,35.2,43.1638
66.6,20.2,34.3335
55.6,32.3,88.442
55.8,8.6,90740.9
58.8,34.1,6.18753
53.2,-62.5,317.603
55.1,39.7,372.054
40.5,-3.3,32335.2
40.4,-2.8,1539.48
61.6,17.5,191.786
67.7,23.6,58.436
47.3,-53.6,313.592
48.9,16.9,12801.8
55.7,-3.2,549.715
50.5,12.0,6436.52
43.9,17.3,311.526
62.3,24.8,679.825
58.0,25.8,2431.87
65.6,26.7,263.194
50.6,37.1,1227.85
63.3,26.3,1289.57
42.2,-6.4,347.018
64.3,-14.8,0.00486679
55.0,28.8,1006.14
47.2,18.2,14100.7
46.4,3.0,3312.29
61.8,7.8,14.4936
51.3,38.9,1274.17
60.6,30.6,2.22117
51.9,-4.1,1085.75
48.6,-69.9,7.12262
58.1,25.7,1178.79
69.1,33.6,6.59835
43.3,-9.4,0.886852
50.8,32.9,1985.71
45.5,33.9,3777.51
49.4,11.3,9924.79
50.2,27.7,471.414
40.7,36.5,4770.07
49.0,23.1,199.401
49.4,32.4,2496.06
58.9,38.9,101.354
50.4,-69.0,14.0372
56.2,29.7,3.01444
45.2,36.2,3133.79
56.2,26.1,1021.07
43.1,6.2,13401.0
68.3,23.2,188.557
54.8,9.4,62980.2
53.7,32.7,165.734
55.6,-4.9,4812.68
45.6,21.4,7126.77
64.8,26.8,120.803
48.4,-70.0,4.92494
57.7,-4.9,38.655
64.2,19.7,1449.35
53.1,32.1,1017.43
45.1,5.4,2977.24
42.4,-3.7,1930.33
47.5,-69.6,53.3839
44.5,-67.4,52.7795
44.4,3.2,4415.58
57.3,24.3,5.13514
52.1,-10.3,1177.64
44.5,23.4,10582.9
54.9,-8.5,279.733
54.2,27.1,4722.57
54.9,36.6,93.4139
61.3,37.2,43.9502
49.7,20.9,11756.1
48.3,1.6,4156.58
47.6,21.1,2425.62
67.1,21.0,1.02559
55.7,-5.5,202.319
44.8,8.0,20668.5
62.9,15.0,541.288
52.1,15.7,2917.22
55.7,30.4,128.767
57.7,10.7,11.8473
49.5,27.5,1962.21
45.3,23.1,8470.71
48.1,20.5,1855.03
48.9,15.7,2515.9
43.3,-4.6,3551.68
48.5,4.1,8795.92
53.0,8.4,7081.1
47.1,23.4,4018.95
46.8,-1.6,6655.45
58.1,32.6,113.229
47.7,34.6,1541.73
52.3,34.7,1281.23
40.0,-5.1,2293.17
45.8,38.6,2971.31
41.2,22.6,1477.51
43.8,-3.5,0.373058
51.0,12.3,9422.08
57.9,36.9,428.537
50.9,-67.6,4.66072
54.0,-1.1,7597.77
45.3,1.0,4418.79
68.9,18.7,33.3427
47.5,28.0,8545.64
42.4,21.0,52741.8
53.4,9.7,20178.7
59.9,9.1,16.3166
64.3,39.7,11.1058
48.9,31.3,4219.53
47.5,-68.8,620.646
58.6,6.0,957.122
46.8,-1.4,6908.8
50.8,31.6,2241.11
52.1,-68.0,337.263
58.9,39.4,57.9463
63.1,22.6,566.455
67.5,25.7,342.308
47.4,29.6,1952.44
41.0,32.4,577.23
59.5,8.7,99.3185
65.1,-17.3,0.0114283
49.2,14.7,8444.27
47.7,22.0,5229.9
53.5,10.3,8752.56
46.3,5.3,5090.01
64.2,20.6,938.295
52.8,11.0,3475.81
44.5,4.1,1716.99
56.5,23.2,3237.46
45.6,19.9,2313.02
47.3,-61.9,5534.6
68.5,15.1,80.525
54.7,27.8,208.495
48.4,33.0,1720.81
48.8,10.8,6008.41
58.5,37.9,56.4595
51.1,36.0,1599.41
60.7,22.2,1946.43
56.7,8.7,12152.6
48.5,-0.5,8958.04
52.5,0.7,2673.95
65.4,-23.5,36.0138
41.4,-3.2,489.95
46.7,24.4,5134.24
51.5,-2.7,7169.01
59.5,31.4,13.0027
45.6,16.2,4718.6
59.2,26.5,1542.96
69.8,23.7,51.6938
56.3,18.6,1.55665
61.7,21.7,148.177
42.0,3.1,7822.12
53.2,20.1,10320.3
53.7,34.6,224.724
43.8,5.5,3880.49
46.9,-69.6,239.573
47.4,12.0,28657.3
63.3,7.7,7.01782
52.3,19.7,20714.6
43.9,39.6,77.1062
54.3,-6.4,5887.73
50.9,19.8,3198.05
49.2,-1.0,3314.88
41.6,0.6,50906.7
41.3,0.1,435.32
57.2,36.0,371.822
55.2,32.5,174.901
42.2,12.4,9372.14
40.4,31.8,2397.8
54.9,39.2,1086.14
48.1,-65.8,1306.46
52.7,-3.7,355.64
51.0,17.3,13119.8
57.1,-4.8,64.6472
40.1,-8.0,454.009
64.8,14.1,1094.35
60.6,22.5,11815.7
53.0,36.4,1218.38
40.3,-3.7,171177.0
65.7,-20.1,67.9605
53.6,-3.0,10914.5
50.3,20.5,5496.82
48.1,-67.8,10.0334
46.7,25.9,1692.72
45.6,27.3,10220.2
65.1,16.3,561.22
41.8,-2.1,843.04
45.0,-64.6,8737.29
57.5,-2.0,1837.01
59.7,5.1,1695.93
53.2,26.2,2071.98
52.4,38.9,1237.61
52.6,6.3,4619.66
49.8,37.1,1973.46
49.3,15.7,8602.4
52.1,20.1,6102.87
63.5,18.9,410.054
41.4,17.6,0.681517
50.0,36.3,6160.48
44.3,-0.8,1693.48
45.8,13.0,18960.5
60.5,18.0,56.5797
53.2,-3.5,9156.41
55.7,40.0,24.9432
50.8,7.1,36072.0
49.0,25.6,4182.45
62.4,17.0,261.657
60.4,12.9,82.1194
52.4,12.6,4873.1
50.1,8.1,18909.2
54.9,23.8,34345.9
54.2,31.4,303.975
66.0,23.1,531.034
47.7,22.4,10765.7
48.4,7.0,2164.49
64.0,-21.9,858.23
60.7,10.2,1590.44
40.2,-6.7,416.98
63.6,33.4,1.58655
46.6,25.3,861.725
61.8,16.0,10088.5
59.2,7.3,3.54709
40.3,9.0,2691.4
57.3,18.8,209.743
69.0,17.0,322.93
52.8,18.3,6983.17
50.6,2.4,1326980.0
58.2,27.0,4343.29
52.4,-67.5,222.13
65.9,-19.5,61.8224
60.6,12.4,133.663
50.8,4.9,17375.0
51.0,20.8,8573.6
62.0,39.4,67.6696
49.0,2.2,22119.7
47.3,-67.3,17.694
53.2,28.0,716.046
57.2,14.2,578.521
51.3,24.8,1223.79
45.5,9.7,24176.2
62.0,14.4,2229.65
60.7,34.4,19.9701
45.1,-68.7,2584.74
51.9,37.0,1399.65
67.7,13.3,8.89234
59.6,5.7,1109.5
40.2,24.4,0.0650227
54.8,-2.6,368.553
55.0,31.3,131.342
44.1,21.4,11723.7
56.0,10.1,29570.2
68.7,16.4,696.783
65.6,14.4,290.052
43.6,-4.6,0.541399
62.1,27.9,641.619
42.1,-6.4,438.041
48.1,11.9,11269.4
41.5,13.0,15411.1
57.3,18.1,2406.51
55.6,38.7,982.634
59.9,30.9,2831.52
58.0,7.9,2155.44
49.6,6.8,7351.42
48.4,-3.8,2713.75
42.8,13.5,9628.25
47.7,1.4,4660.8
40.4,-4.5,5775.53
43.4,5.5,34927.4
45.7,20.7,7501.7
55.5,39.3,333.953
48.0,-0.9,13609.1
42.3,23.5,14269.6
52.2,37.8,1190.15
46.5,-0.1,3255.0
65.9,-23.7,12.2954
52.1,24.1,2684.94
52.1,37.4,1111.22
59.3,28.8,353.065
56.8,28.1,12.2938
42.6,23.7,2252.31
53.3,29.3,644.663
56.4,34.2,281.163
63.2,23.4,175.659
40.4,15.5,9938.67
47.3,15.4,5242.87
54.7,-7.6,3519.42
51.4,25.3,707.326
56.2,-3.3,5241.57
52.6,-0.2,7708.83
50.3,14.0,8228.05
47.1,13.7,9511.09
47.3,27.3,5671.65
56.8,31.1,22.2652
48.4,3.3,5183.75
43.7,25.6,6915.96
68.7,30.5,0.475964
44.2,20.9,15665.1
47.9,34.3,1516.2
53.6,36.1,1145.63
47.1,-0.6,7918.44
42.6,22.6,473.537
49.7,31.4,3825.7
52.6,-6.7,1955.02
49.7,25.9,2485.97
54.7,11.3,3222.1
47.3,29.6,1968.15
59.7,27.3,1.11677e-05
47.6,39.9,1328.26
52.0,-8.8,609.816
47.0,10.8,1094.23
55.1,-3.9,647.261
68.0,31.6,0.475964
57.1,14.6,1007.52
61.9,21.3,15.9573
59.9,32.7,147.909
69.9,21.9,84.069
42.7,-9.4,1.10821
40.3,32.3,2257.73
42.1,25.8,59250.8
61.1,6.4,174.729
48.8,23.1,395.47
45.3,13.9,4111.0
50.8,20.7,11539.7
59.2,8.8,4.96593
41.3,-7.5,2226.69
64.5,-19.0,0.0251423
68.5,15.4,29.0861
62.2,23.5,254.188
60.3,25.7,10630.8
54.6,-4.9,140.846
43.8,-63.8,9.98355
60.2,25.6,664.832
47.1,24.7,1606.19
50.9,13.5,8820.06
43.6,21.7,4906.16
40.3,38.7,2726.16
58.2,21.8,10.5198
50.0,21.5,10975.7
56.0,15.7,290.909
45.1,17.4,4746.24
51.0,36.4,1434.31
52.5,4.9,10936.5
54.7,32.1,1702.39
47.5,28.6,6199.49
53.9,34.8,691.922
48.9,16.3,11588.4
45.2,-64.4,394.815
42.6,27.8,23.23
64.4,25.4,63.1611
53.5,23.0,1821.0
45.2,4.2,7092.59
48.8,31.8,1708.1
52.9,35.6,978.036
40.5,21.2,7282.51
63.1,31.0,239.469
53.7,16.2,1210.01
50.2,6.4,7116.82
44.9,9.2,11675.1
47.2,24.1,7629.66
54.6,31.6,424.279
41.7,-5.5,1069.56
43.4,-8.5,8.41702
46.5,26.2,790.583
52.6,31.6,410.943
54.7,33.5,233.215
54.2,9.0,5913.13
48.9,-69.1,91.0906
55.2,33.3,228.978
52.2,19.1,5180.76
42.2,0.3,1022.43
63.4,27.3,2952.58
47.3,38.4,1464.29
56.3,34.3,172.646
46.9,-68.1,2012.42
46.6,23.8,2074.59
52.9,20.5,5159.94
51.8,-5.2,1125.61
68.5,27.4,576.012
55.9,35.7,425.832
46.2,-64.8,2011.58
42.5,1.0,329.34
45.3,-67.5,435.768
42.2,21.0,11410.6
60.7,25.6,1112.73
48.5,-3.5,3924.82
57.4,25.1,3648.29
49.0,-54.0,245.812
50.4,10.9,7497.91
43.5,-0.6,3082.22
46.4,26.1,578.262
56.7,26.0,2713.52
47.6,1.4,11240.7
45.9,26.9,6665.58
55.1,32.2,167.417
55.3,28.7,666.079
46.1,11.8,8831.67
63.7,34.2,605.468
60.1,5.6,760.004
65.2,36.2,0.000728938
49.5,16.8,8386.77
54.0,22.4,7987.2
53.3,35.1,98.7955
51.4,7.3,35679.4
41.8,-3.9,730.076
41.4,14.7,7095.35
61.9,25.7,350.936
47.1,-67.9,2003.3
47.9,11.5,7147.53
54.4,24.1,2631.4
50.5,8.8,9758.82
64.3,27.6,63.1456
58.6,34.1,58.6003
62.0,-7.1,0.110384
60.3,34.4,1.90386
48.5,3.2,12938.4
66.7,16.0,774.568
64.2,-15.6,0.299031
51.7,-8.6,2676.48
57.2,33.2,33.08
50.0,36.9,1997.03
43.6,4.3,2326.04
54.2,29.7,4798.7
49.9,31.7,2387.32
48.3,-68.0,28.2493
47.5,20.7,6456.0
50.3,13.2,6871.6
51.2,31.3,2571.79
44.3,-1.1,6378.09
45.0,24.3,25807.4
46.7,20.2,2867.81
50.0,20.3,2539.07
41.6,34.6,382.031
59.3,35.0,30.1279
63.3,8.5,436.044
40.5,17.1,6691.8
54.6,21.9,569.196
58.9,26.5,171.922
41.1,14.9,12840.0
41.6,21.8,3572.24
48.7,-1.2,5224.83
46.3,17.6,8960.86
59.2,33.5,32.3655
51.5,34.5,1453.89
40.8,39.6,7418.61
46.3,21.8,5929.61
58.0,25.5,1764.64
47.3,-54.0,324.828
46.4,11.4,9645.53
41.1,29.0,4399.11
46.4,38.9,2005.25
64.4,28.4,386.556
46.6,2.7,2363.64
50.5,24.5,2096.53
45.3,26.9,7153.64
48.1,38.2,4074.4
56.0,26.5,662.118
54.9,-6.1,1823.05
52.4,25.4,318.299
62.0,15.1,610.136
42.8,1.1,497.887
50.2,7.2,10293.3
40.8,-4.8,1668.62
47.9,27.1,5510.79
47.6,16.8,11495.7
40.4,33.9,5124.96
51.6,24.7,2344.11
57.5,-5.4,286.901
43.7,39.9,34.7454
68.2,34.5,0.951928
53.9,20.1,2837.65
45.6,-61.3,1428.99
61.7,39.1,37.3496
43.1,2.5,6687.31
62.7,37.2,18.8439
56.0,24.7,3093.2
57.7,-4.1,1461.09
45.9,4.6,23880.6
64.5,-20.0,42.7483
58.0,30.9,67.3833
43.8,20.4,26343.6
51.0,25.5,1086.89
46.2,24.2,4787.44
53.6,9.4,454010.0
60.4,38.1,85.5334
53.6,26.5,967.974
47.5,-68.3,26.7238
48.8,29.2,3436.97
69.7,18.3,171.665
66.1,37.6,0.639497
50.7,14.5,15067.9
53.4,19.6,6370.41
55.6,36.7,1355.09
49.3,27.2,2273.24
48.0,33.1,2047.4
44.5,22.1,321.778
59.5,28.0,26.4473
51.7,-4.6,1144.98
63.5,11.1,419.663
47.8,7.8,2457.75
51.5,-1.8,18690.8
52.3,-6.7,876.665
43.0,9.4,62.5797
40.8,37.3,8312.07
50.9,30.5,517.872
54.0,-1.9,788.208
46.9,37.3,364.162
57.6,22.3,488.637
48.5,15.1,5208.43
69.0,33.2,1326.65
46.5,38.4,2225.37
46.2,11.4,3648.89
53.1,36.9,1246.46
49.4,9.7,13238.0
68.9,15.4,219.509
43.6,-5.0,0.573861
64.6,34.8,0.152699
65.7,18.8,217.498
60.8,14.4,18.4607
58.7,38.8,12.1944
64.1,-20.0,42.0916
50.1,31.8,2628.06
40.1,29.6,6789.52
47.2,26.2,4174.0
58.8,27.8,12.6924
45.4,21.3,5472.53
41.6,34.2,1577.55
56.4,38.9,550.67
43.1,-6.3,513.916
49.0,-65.8,5.19255
44.6,23.5,9389.74
49.9,34.9,1770.23
48.2,3.8,7445.79
45.9,4.7,47494.7
52.5,-10.0,49.0572
52.1,22.7,3228.69
50.4,6.9,4431.07
62.7,26.3,80.2662
57.3,23.0,775.871
44.6,37.8,228.972
48.5,23.9,128.17
40.9,15.2,5483.38
54.6,20.6,2128.44
55.3,16.6,12.8612
50.4,32.9,2164.72
41.4,-4.6,3937.16
61.6,14.3,57.3667
50.7,-1.6,7440.81
57.7,15.3,18.4607
41.0,18.3,0.750963
50.1,11.0,9982.32
54.2,30.7,2059.7
46.1,32.4,2488.57
47.6,6.9,15984.5
52.3,21.8,3763.06
65.4,25.3,1358.38
47.7,-1.9,4588.65
56.9,30.8,13.0097
46.0,18.0,8270.61
40.4,26.6,2250.25
61.6,26.6,148.377
49.4,5.7,12011.9
69.8,31.1,0.00123647
46.6,21.3,13088.5
46.6,-68.0,2559.56
54.1,17.5,5942.79
45.0,27.9,4110.83
57.6,15.3,823.671
42.4,15.2,0.598378
62.0,23.7,235.529
55.1,10.7,16954.7
66.6,24.0,10.2576
54.3,30.5,1029.24
46.1,0.7,1863.04
60.5,14.3,1298.08
61.9,21.7,220.047
65.2,17.9,451.821
57.2,-2.4,8126.17
52.8,13.6,7808.44
59.6,21.1,8.37914
42.7,15.1,0.944484
40.3,2.2,0.548318
68.6,16.6,392.572
52.6,37.6,1132.57
41.5,-6.5,671.454
50.2,31.1,3058.07
55.9,31.5,11.2491
60.4,29.1,188.025
49.3,30.2,2693.11
52.2,34.3,753.968
60.3,10.2,63.8476
43.8,1.1,6025.22
55.8,24.2,2837.16
64.3,25.6,58.3111
59.2,5.7,22.7014
62.9,21.2,164.801
42.3,-2.5,4518.58
69.6,18.7,1895.19
54.2,17.7,3340.32
49.6,8.0,59591.5
43.8,8.0,3418.5
51.5,-4.3,1199.74
49.6,16.8,4636.66
50.4,2.7,57913.5
66.4,34.1,0.00117857
47.7,32.7,1459.34
42.4,0.4,415.44
49.8,12.4,3614.35
64.8,-20.6,7.50626
56.1,24.9,1207.6
57.1,9.1,1287.5
69.1,17.2,28.3767
44.1,-68.1,41.7317
52.0,5.3,12793.6
65.6,27.6,1148.27
50.6,28.5,1699.01
51.2,27.5,423.542
62.6,29.3,1491.46
42.4,15.7,1.28476
49.7,35.9,2690.62
63.7,-18.8,11.1874
47.2,5.0,23963.0
58.3,30.3,353.324
42.5,22.1,1687.35
49.7,16.1,5816.71
45.5,26.4,790.619
68.0,16.1,144.351
47.7,6.7,4280.4
63.8,18.4,1405.62
46.5,24.8,8292.1
54.0,34.9,382.456
43.8,27.5,4678.98
51.2,37.8,3506.24
46.5,-69.4,182.498
67.5,23.9,2876.15
49.0,3.6,8101.99
67.6,34.4,0.475964
43.6,19.9,1898.23
57.5,30.3,13.327
58.2,7.8,1857.36
52.7,29.8,1238.72
50.0,19.8,43195.2
42.3,8.9,604.284
51.3,31.8,1655.83
50.9,19.4,6534.93
48.2,12.2,9188.67
48.6,-68.2,2953.32
43.8,4.5,13500.0
54.0,28.0,10109.8
43.7,-7.2,1.07816
51.7,1.0,2727.07
59.8,8.8,36.7408
50.1,17.1,1825.84
58.9,10.0,2575.93
53.6,31.2,704.198
43.0,17.5,9135.94
46.2,21.9,2927.49
52.3,37.6,1384.84
69.7,22.0,181.028
52.5,23.5,1145.94
45.5,25.9,1211.91
63.9,-17.3,0.0388564
66.9,20.8,537.2
40.6,3.3,0.418064
51.1,17.5,5597.12
60.0,30.0,759.635
48.3,38.5,5915.32
62.1,23.1,2327.87
47.8,36.1,1962.7
43.5,18.4,1333.4
53.9,-0.7,1890.3
60.8,37.1,188.807
41.3,0.0,252.496
63.6,18.5,1807.65
47.5,23.6,8027.35
58.7,8.7,177.355
60.7,29.1,24.3714
54.1,-0.1,17.9197
50.1,6.9,6333.31
49.8,-57.8,225.934
50.0,29.8,2884.04
57.3,-4.8,618.138
64.5,26.4,260.715
66.8,14.0,21.8553
61.1,10.1,966.922
49.2,0.0,6625.16
53.9,24.6,502.309
58.2,28.1,23.1636
44.8,18.4,16160.5
64.4,27.0,37.566
53.4,-1.0,4607.93
61.1,22.2,2826.3
61.5,12.5,35.9901
47.1,17.5,16607.7
69.9,29.4,28.1303
51.4,20.1,2939.28
60.3,18.3,606.492
47.5,31.1,1473.88
59.7,29.0,209.279
49.5,34.2,2047.87
64.6,17.8,528.751
68.9,33.2,38.2358
51.2,24.3,3059.7
53.4,23.2,2793.41
54.3,-2.0,1453.73
51.4,11.2,11011.1
43.4,13.3,10275.9
40.3,17.3,11619.5
47.6,7.0,11602.7
56.9,33.1,97.8677
40.2,23.1,2451.29
69.4,19.9,5.67535
45.4,8.4,21198.0
44.4,21.1,10025.2
52.9,6.2,3087.75
60.4,34.8,16.976
47.2,19.2,10344.2
53.6,11.8,3906.42
62.1,39.1,93.0658
40.5,32.5,2404.79
43.0,27.7,1947.45
47.9,21.6,22441.6
58.3,6.3,1344.0
47.7,27.5,10604.3
63.0,7.2,302.879
65.8,18.9,327.398
57.8,12.7,1074.37
42.1,12.0,1780.09
46.1,-65.0,3803.94
45.5,17.4,0.14976
47.0,33.1,2090.4
48.7,21.4,2717.38
44.5,9.6,5082.96
46.8,18.0,15868.6
46.7,25.5,10711.5
64.0,-22.6,558.295
62.7,16.2,595.531
41.0,27.6,7293.47
60.6,7.1,57.7711
61.5,25.8,918.382
67.4,26.3,404.538
64.5,10.8,149.129
58.7,38.4,325.146
45.9,-67.5,2245.03
46.6,7.1,6620.57
60.7,37.8,24.2909
56.9,-7.6,343.801
41.3,1.5,2969.84
55.9,36.3,548.05
45.3,22.8,216.929
41.1,29.7,620.062
63.2,19.0,796.558
45.9,-67.9,877.886
51.2,16.8,3882.71
50.5,37.2,2414.19
54.2,22.7,1654.28
43.4,23.0,2920.17
46.3,-68.2,767.104
49.3,23.5,9232.23
62.0,32.7,2.06251
68.9,26.2,23.2755
58.3,34.1,67.9349
50.4,31.8,2613.12
51.2,21.0,8624.68
46.6,14.2,49738.0
47.3,19.5,12825.7
54.6,12.4,12.7232
48.1,-4.5,70.2594
59.1,8.3,64.5571
64.9,11.2,141.539
56.9,28.1,93.7541
54.8,28.3,106.896
63.7,-68.5,7385.68
63.7,-20.3,221.526
49.6,16.9,6451.98
63.8,-22.0,57.0572
47.3,18.1,9607.23
49.5,36.7,2784.95
47.8,39.2,222.599
60.7,6.3,5.67535
66.1,28.6,23.0067
40.7,33.0,1690.51
54.7,-2.9,2516.2
56.1,9.0,26643.7
49.0,18.8,3696.5
51.8,-2.7,6486.74
50.6,35.5,1508.52
61.4,16.9,848.604
65.9,18.8,852.442
46.6,12.6,402.866
67.3,29.7,0.793273
66.0,18.8,486.749
53.0,36.6,1138.28
42.4,18.5,20724.4
47.6,27.6,7599.19
44.8,7.9,19512.5
44.4,28.4,4679.86
53.3,-9.7,343.298
41.5,27.6,3702.29
63.0,26.8,117.549
51.4,5.1,4575.08
44.1,10.7,2341.83
44.4,-63.7,1071.73
54.3,-5.8,6852.77
48.1,-53.0,509.868
53.7,23.6,1740.92
44.2,4.0,8438.65
40.1,-0.1,5206.92
46.8,16.1,4428.29
56.2,33.9,520.78
53.9,25.4,1983.76
47.6,3.6,4772.01
61.4,24.9,242.447
50.1,1.8,18751.3
64.4,-21.0,73.2742
61.6,27.3,17351.2
41.6,23.2,4483.3
47.7,23.8,3155.65
57.7,25.2,1832.77
52.1,28.0,343.289
67.5,25.9,308.428
49.0,-0.1,12799.3
64.2,37.9,1.12171
47.2,35.4,2002.34
59.6,22.0,4.11298
62.1,21.6,616.167
47.8,26.6,9526.27
47.2,15.3,77959.5
46.6,19.4,3594.98
48.6,38.5,5844.5
46.1,21.3,26377.0
51.7,17.6,3183.08
52.1,27.1,744.949
50.0,16.0,11957.5
59.3,21.7,11.1042
47.7,11.6,9511.48
51.9,-8.7,1614.17
44.0,2.9,4667.21
44.0,-69.9,4510.16
53.7,32.0,919.341
45.8,1.2,56680.1
64.7,25.3,1087.12
52.8,-3.1,9436.59
55.9,9.2,7103.28
47.9,28.7,10101.3
58.6,24.9,1854.78
41.9,0.3,832.074
42.2,24.8,10608.0
54.7,30.3,1174.02
58.2,-4.5,346.859
62.7,7.3,1022.71
58.5,39.8,26.0739
55.3,-1.8,2823.27
50.2,-63.4,365.847
48.2,0.4,5960.89
51.7,39.6,1455.81
51.2,8.6,6478.56
44.5,16.4,761.23
53.3,33.9,245.229
51.6,9.4,7072.18
63.6,29.0,57.7594
61.5,10.8,45.1156
58.8,17.9,6105.68
62.8,23.7,279.787
47.4,36.8,2061.69
55.0,20.7,138.421
44.3,-68.9,1711.95
66.3,29.0,196.49
46.4,32.2,1231.45
48.7,10.4,3988.52
54.6,29.2,948.758
41.2,9.3,2134.43
56.4,13.8,1305.42
59.0,10.6,44.6259
51.3,11.8,9449.33
41.2,20.0,513.947
40.6,34.3,3546.23
44.1,19.8,2881.1
56.1,14.9,1997.77
44.2,-65.0,263.623
46.7,21.1,17205.1
56.5,31.1,24.0733
62.9,7.2,965.81
49.6,7.7,4122.17
40.7,-69.0,12.0113
62.5,30.0,442.719
45.3,34.8,4970.41
55.9,29.8,91.1264
48.3,7.5,7503.4
52.5,33.0,608.325
60.1,25.4,159.132
44.9,19.1,0.435459
60.1,14.1,413.752
53.8,19.3,3531.47
43.1,25.5,8606.71
66.0,29.1,4931.23
62.1,8.2,29.0861
60.1,15.1,25314.6
42.0,1.3,2471.15
50.3,20.4,6350.08
47.5,-69.0,942.394
65.5,27.4,74.1552
41.2,35.6,4571.16
48.5,10.7,8067.79
68.3,17.5,1278.13
47.8,1.7,18297.8
53.7,11.6,4011.96
65.5,21.9,1339.6
45.5,6.6,7894.73
57.7,14.7,1716.07
59.0,7.5,172.389
46.8,10.2,1.75727
65.4,-22.9,0.00187173
49.0,31.6,2329.64
53.7,13.4,2059.16
62.7,15.0,184.265
41.2,-2.6,783.623
65.2,18.0,521.359
52.2,14.9,1001.54
58.1,31.8,11.7404
44.1,-63.3,9.45106
57.9,19.3,358.609
63.5,14.3,98.3074
55.3,-5.9,10.6635
50.9,3.9,36253.1
61.8,39.3,16.5739
56.8,26.1,4591.18
55.3,25.1,1313.47
50.4,34.7,1603.5
64.6,-22.7,0.00429804
62.6,7.0,1751.3
40.2,-0.9,589.726
48.0,31.6,1876.36
50.7,31.1,2200.47
43.4,16.3,1754.89
46.3,16.7,9428.45
52.5,20.3,3882.75
53.8,38.2,1296.54
49.2,28.8,2279.14
61.9,28.0,302.681
63.1,23.5,1190.98
60.1,10.6,7.09418
69.9,21.8,24.9521
51.4,-3.3,15864.0
52.5,-8.6,1302.24
47.0,4.9,7477.68
60.2,37.3,1.58655
48.9,-66.7,1.29459
51.9,22.8,3405.06
48.5,14.9,8074.98
47.0,-2.1,4661.02
51.3,4.2,118594.0
56.0,38.9,272.086
66.8,32.9,0.00444529
53.5,13.3,7845.47
54.6,8.4,1015.45
46.4,12.3,15933.4
48.1,18.5,4432.03
40.7,-5.2,530.753
43.5,25.6,5463.93
47.3,24.2,3908.85
61.8,38.6,16.8441
46.2,-0.9,11221.2
43.3,2.4,2202.54
50.0,5.7,6348.16
52.3,11.7,5462.59
66.9,29.0,411.622
42.5,-7.7,4716.85
53.2,26.7,1875.09
53.7,31.9,1730.2
50.7,26.3,3406.74
63.8,11.9,192.81
50.9,6.0,23390.9
65.0,18.9,586.02
47.3,26.9,14257.7
44.8,26.7,5989.16
49.8,34.1,2276.08
64.4,13.0,397.215
67.7,22.3,111.312
48.4,6.9,2745.49
45.3,-65.6,1434.04
66.7,15.9,836.987
57.4,39.6,347.815
45.9,18.6,10232.6
65.1,-14.9,3.98857
45.3,-64.9,131.641
55.9,26.1,2568.28
61.5,9.2,5.67535
57.7,-2.9,1069.99
51.7,11.5,7624.71
59.0,7.1,197.903
57.3,13.2,1340.85
59.9,15.9,1686.52
46.8,31.8,1747.42
66.6,-16.3,0.0047133
43.9,6.6,2289.76
55.0,-5.1,325.126
58.7,9.4,248.763
46.4,3.5,1475.81
69.8,19.5,85.7417
65.7,-18.5,0.0777127
53.1,31.2,106.523
62.5,39.1,4.28368
67.2,19.3,70.6175
58.7,17.1,4159.99
50.2,2.2,7806.54
43.2,24.2,3615.25
50.8,-1.9,16151.6
52.6,6.2,7016.3
50.6,35.9,1249.28
61.7,9.9,36.1803
46.0,14.5,121629.0
50.5,-4.6,761.738
43.0,20.6,1000.76
59.6,5.1,978.618
51.8,29.9,2081.45
52.2,9.2,9258.72
60.0,38.6,50.8791
41.0,-4.0,481.832
48.0,40.0,1825.95
55.5,23.7,2552.66
60.2,14.8,457.405
46.7,12.0,6894.7
46.7,19.6,5388.07
50.0,31.7,1458.6
44.4,-3.8,0.578761
42.0,12.1,7571.04
62.8,27.4,708.173
60.7,-1.0,124.991
44.1,14.8,218.238
59.7,10.2,23029.7
64.2,13.5,7.09418
44.3,8.9,1875.63
44.6,8.5,19076.6
60.9,21.1,379.834
54.2,34.4,797.908
55.9,25.4,1448.93
47.1,16.9,3143.18
57.2,38.0,537.157
59.0,24.4,1158.05
48.5,-65.4,7.87492
65.5,-22.8,0.00577296
46.6,-60.8,0.803563
44.4,2.2,6422.06
50.2,23.7,2719.64
50.0,25.1,6519.54
48.0,4.7,1902.28
49.7,13.3,249657.0
64.1,12.5,44.5156
59.7,23.7,4.57053
64.0,23.9,361.41
43.3,12.6,8629.35
44.7,25.8,15944.4
63.0,35.6,2.53847
43.8,-4.3,0.319428
57.0,15.0,5399.36
44.1,-3.9,0.472366
45.1,36.7,2474.06
54.7,25.5,2064.46
52.4,26.3,450.994
67.4,34.4,0.158655
58.9,29.4,24.2742
48.7,-69.8,5.80432
49.6,33.7,2508.76
56.8,23.8,620.869
52.3,17.7,5192.79
41.5,2.5,14991.8
46.1,8.0,180.211
43.0,20.7,1378.28
57.2,34.9,295.335
45.0,13.6,7459.85
60.9,11.1,148.071
55.7,37.2,6805.83
52.2,12.3,2807.39
45.4,12.9,0.472951
42.0,-3.5,482.925
47.6,14.4,642.025
54.4,-7.5,1394.94
51.5,24.8,1742.76
49.6,22.6,686.855
47.3,14.3,782.467
48.0,10.5,11298.5
62.8,7.5,56.6073
52.0,35.4,1442.55
51.2,9.1,7002.63
53.5,25.3,1456.42
45.4,38.7,4639.51
41.2,0.9,2191.0
53.4,-2.4,17648.8
42.9,11.2,1996.86
41.3,-6.0,794.564
67.4,22.0,498.102
40.0,16.0,7518.74
49.8,14.2,17272.9
63.8,20.1,18122.4
43.7,25.8,5176.81
48.8,10.7,9114.02
49.8,6.6,12505.9
69.6,32.3,0.0339558
45.5,39.5,2686.59
61.9,14.9,555.829
50.8,38.3,1529.03
46.9,5.9,1939.17
40.4,15.0,17495.8
48.2,12.8,8935.64
41.2,25.0,556.62
41.8,-1.1,243.131
40.2,3.9,0.560747
63.4,18.9,2232.26
52.4,25.3,1580.84
64.1,30.2,29.7669
40.4,-1.1,699.835
48.0,-4.9,188.349
48.2,0.6,7044.58
44.8,15.9,2451.27
55.6,13.5,5628.32
46.5,27.6,4861.29
61.0,14.7,17.4351
65.3,12.1,960.949
61.0,12.5,1290.87
52.3,14.6,7014.37
48.2,1.6,5575.05
46.0,6.2,12435.6
45.0,-0.2,10917.8
40.7,-68.5,23.6442
64.6,39.8,122.9
49.4,24.8,1288.72
47.9,22.4,10740.5
48.3,27.0,9268.1
44.8,20.9,7835.08
42.2,12.9,2609.05
44.5,-68.1,227.475
52.5,19.9,3393.71
52.3,29.0,1032.07
61.3,26.0,412.702
49.5,30.9,3251.89
50.4,21.2,7621.04
46.5,12.6,1858.81
52.9,24.7,1502.41
49.8,-69.7,16.9504
56.8,-7.7,25.9922
45.0,5.7,8587.35
49.3,22.8,766.149
52.4,11.0,3355.74
64.6,20.7,63.2506
69.2,31.1,322.167
46.0,3.9,15520.2
53.5,-7.7,527.753
54.4,-2.5,666.367
47.2,24.5,9574.14
49.7,37.6,5210.02
64.1,28.7,143.434
50.3,6.4,3237.73
42.0,-3.1,202.469
59.5,30.1,2820.25
49.0,-4.5,0.579841
59.4,13.3,11263.4
43.0,12.4,18649.1
60.1,11.8,476.072
51.4,17.0,2348.82
60.0,23.8,1285.28
42.6,-9.3,0.976187
48.7,35.8,2372.28
51.0,13.6,53682.6
46.9,27.3,12087.1
49.4,16.8,6354.2
42.8,24.8,381.688
60.4,15.2,208.87
40.2,-3.6,12825.4
54.9,10.5,1573.48
64.1,16.7,4.10237
56.7,29.9,11.234
47.3,10.7,196.543
53.5,8.9,1703.6
64.2,14.9,22.1199
54.7,10.0,31.8619
57.0,33.4,102.108
48.9,-0.4,5105.58
40.8,14.7,44717.4
48.4,-53.9,889.895
40.0,31.5,5189.57
42.5,9.1,2086.66
40.3,0.6,0.426505
40.7,33.9,1704.97
50.6,37.0,962.82
43.5,3.6,5618.35
55.0,29.6,480.249
68.8,15.4,101.176
65.1,16.8,4.10237
51.4,24.9,286.091
52.0,-1.9,7276.8
46.6,-60.7,72.8558
52.7,24.4,944.494
59.8,13.4,606.987
43.2,-2.3,11699.3
44.5,-0.9,8784.26
54.8,19.7,0.0849073
46.1,38.2,244.818
51.9,18.2,3651.46
51.3,25.1,234.141
57.0,38.7,13.1352
57.0,15.9,300.424
53.1,-4.4,2141.25
63.7,34.1,86.1495
53.0,15.8,559.573
65.5,-17.3,47.0263
56.5,21.5,3301.14
65.1,12.9,38.3086
50.3,27.5,1333.66
56.5,21.4,3177.34
65.3,12.3,47.531
65.7,-20.7,0.0162362
46.6,31.1,4457.48
53.6,21.3,1683.52
69.0,20.1,240.356
51.4,-9.7,2.68829
60.9,34.1,221.929
45.1,-66.3,61903.3
44.8,25.1,6038.97
52.7,36.6,1182.43
44.4,16.3,24.9975
49.4,28.4,3404.97
47.7,24.1,4537.03
40.6,18.7,0.746604
41.2,17.6,1.12478
50.6,38.3,1607.79
48.5,19.7,300.441
50.3,33.8,1711.95
41.7,8.8,535.179
50.4,30.2,4202.71
58.6,10.7,9.47315
45.8,22.6,586.862
63.8,23.9,2687.31
45.4,39.7,2337.22
45.1,7.8,97716.0
67.6,25.4,282.72
